Time,"UTC TIME",Anum,Fnum,Height,Speed,Angle,Longitude,Latitude
1747787635,"2025-05-21 00:33:55",B5740,CZ3401,53.34,287.06,195,113.28704833984,23.390029907227
1747787650,"2025-05-21 00:34:10",B5740,CZ3401,220.98,298.172,195,113.28395080566,23.378719329834
1747787670,"2025-05-21 00:34:30",B5740,CZ3401,426.72,303.728,200,113.27928161621,23.365539550781
1747787681,"2025-05-21 00:34:41",B5740,CZ3401,556.26,300.024,211,113.27548217773,23.359180450439
1747787695,"2025-05-21 00:34:55",B5740,CZ3401,731.52,287.06,211,113.26954650879,23.349670410156
1747787710,"2025-05-21 00:35:10",B5740,CZ3401,883.92,285.208,210,113.26329803467,23.339679718018
1747787725,"2025-05-21 00:35:25",B5740,CZ3401,990.6,301.876,214,113.25705718994,23.329929351807
1747787740,"2025-05-21 00:35:40",B5740,CZ3401,1074.42,329.656,233,113.24768066406,23.321599960327
1747787755,"2025-05-21 00:35:55",B5740,CZ3401,1173.48,357.436,254,113.23491668701,23.316293716431
1747787770,"2025-05-21 00:36:10",B5740,CZ3401,1242.06,398.18,277,113.21920013428,23.315410614014
1747787785,"2025-05-21 00:36:25",B5740,CZ3401,1325.88,440.776,301,113.20252990723,23.321460723877
1747787800,"2025-05-21 00:36:40",B5740,CZ3401,1424.94,477.816,312,113.18852996826,23.332349777222
1747787815,"2025-05-21 00:36:55",B5740,CZ3401,1554.48,503.744,312,113.17337036133,23.344409942627
1747787835,"2025-05-21 00:37:15",B5740,CZ3401,1722.12,514.856,313,113.15531158447,23.359119415283
1747787850,"2025-05-21 00:37:30",B5740,CZ3401,1859.28,522.264,313,113.13871002197,23.373279571533
1747787865,"2025-05-21 00:37:45",B5740,CZ3401,1981.2,525.968,312,113.12197875977,23.386869430542
1747787879,"2025-05-21 00:37:59",B5740,CZ3401,2087.88,522.264,311,113.10674285889,23.398969650269
1747787894,"2025-05-21 00:38:14",B5740,CZ3401,2232.66,531.524,324,113.09015655518,23.414150238037
1747787909,"2025-05-21 00:38:29",B5740,CZ3401,2438.4,548.192,349,113.08110809326,23.434349060059
1747787924,"2025-05-21 00:38:44",B5740,CZ3401,2621.28,557.452,0,113.08009338379,23.454650878906
1747787935,"2025-05-21 00:38:55",B5740,CZ3401,2743.2,561.156,0,113.08013153076,23.468490600586
1747787949,"2025-05-21 00:39:09",B5740,CZ3401,2926.08,564.86,0,113.08003234863,23.489910125732
1747787964,"2025-05-21 00:39:24",B5740,CZ3401,3055.62,570.416,0,113.07987976074,23.506072998047
1747787979,"2025-05-21 00:39:39",B5740,CZ3401,3177.54,592.64,359,113.07972717285,23.527080535889
1747787994,"2025-05-21 00:39:54",B5740,CZ3401,3261.36,620.42,0,113.07947540283,23.550064086914
1747788009,"2025-05-21 00:40:09",B5740,CZ3401,3345.18,648.2,360,113.07922363281,23.574188232422
1747788024,"2025-05-21 00:40:24",B5740,CZ3401,3505.2,659.312,0,113.07907104492,23.599319458008
1747788039,"2025-05-21 00:40:39",B5740,CZ3401,3680.46,666.72,0,113.07891845703,23.623950958252
1747788054,"2025-05-21 00:40:54",B5740,CZ3401,3870.96,672.276,360,113.07869720459,23.650630950928
1747788069,"2025-05-21 00:41:09",B5740,CZ3401,4091.94,670.424,358,113.07810211182,23.679569244385
1747788089,"2025-05-21 00:41:29",B5740,CZ3401,4343.4,659.312,346,113.07273864746,23.707609176636
1747788104,"2025-05-21 00:41:44",B5740,CZ3401,4541.52,659.312,337,113.06335449219,23.73161315918
1747788119,"2025-05-21 00:41:59",B5740,CZ3401,4724.4,666.72,336,113.05159759521,23.7555103302
1747788134,"2025-05-21 00:42:14",B5740,CZ3401,4892.04,674.128,337,113.04081726074,23.777479171753
1747788149,"2025-05-21 00:42:29",B5740,CZ3401,5059.68,681.536,336,113.02941894531,23.800720214844
1747788164,"2025-05-21 00:42:44",B5740,CZ3401,5257.8,688.944,336,113.01696777344,23.826095581055
1747788179,"2025-05-21 00:42:59",B5740,CZ3401,5425.44,692.648,336,113.00501251221,23.850357055664
1747788194,"2025-05-21 00:43:14",B5740,CZ3401,5562.6,701.908,337,112.99365997314,23.873384475708
1747788209,"2025-05-21 00:43:29",B5740,CZ3401,5722.62,711.168,336,112.98111724854,23.898710250854
1747788224,"2025-05-21 00:43:44",B5740,CZ3401,5890.26,718.576,336,112.96878051758,23.923849105835
1747788239,"2025-05-21 00:43:59",B5740,CZ3401,6042.66,725.984,337,112.95598602295,23.949645996094
1747788254,"2025-05-21 00:44:14",B5740,CZ3401,6202.68,729.688,336,112.94364929199,23.974639892578
1747788269,"2025-05-21 00:44:29",B5740,CZ3401,6309.36,740.8,336,112.93283843994,23.996429443359
1747788284,"2025-05-21 00:44:44",B5740,CZ3401,6408.42,757.468,336,112.92018127441,24.021970748901
1747788299,"2025-05-21 00:44:59",B5740,CZ3401,6530.34,770.432,336,112.9068069458,24.049165725708
1747788319,"2025-05-21 00:45:19",B5740,CZ3401,6690.36,781.544,337,112.88746643066,24.088300704956
1747788334,"2025-05-21 00:45:34",B5740,CZ3401,6797.04,787.1,336,112.87680053711,24.109920501709
1747788349,"2025-05-21 00:45:49",B5740,CZ3401,6941.82,790.804,336,112.86276245117,24.138410568237
1747788364,"2025-05-21 00:46:04",B5740,CZ3401,7078.98,796.36,342,112.85011291504,24.169319152832
1747788379,"2025-05-21 00:46:19",B5740,CZ3401,7132.32,800.064,343,112.84244537354,24.192314147949
1747788394,"2025-05-21 00:46:34",B5740,CZ3401,7200.9,796.36,343,112.83285522461,24.220943450928
1747788409,"2025-05-21 00:46:49",B5740,CZ3401,7200.9,794.508,343,112.82328033447,24.249435424805
1747788424,"2025-05-21 00:47:04",B5740,CZ3401,7193.28,794.508,343,112.81423187256,24.276489257812
1747788439,"2025-05-21 00:47:19",B5740,CZ3401,7193.28,794.508,344,112.8044128418,24.305879592896
1747788454,"2025-05-21 00:47:34",B5740,CZ3401,7193.28,794.508,344,112.79347991943,24.338520050049
1747788469,"2025-05-21 00:47:49",B5740,CZ3401,7200.9,794.508,343,112.78424835205,24.366233825684
1747788484,"2025-05-21 00:48:04",B5740,CZ3401,7284.72,792.656,344,112.77378845215,24.397569656372
1747788499,"2025-05-21 00:48:19",B5740,CZ3401,7360.92,792.656,340,112.7640914917,24.425540924072
1747788519,"2025-05-21 00:48:39",B5740,CZ3401,7475.22,788.952,331,112.74388122559,24.456960678101
1747788534,"2025-05-21 00:48:54",B5740,CZ3401,7589.52,785.248,320,112.72232055664,24.475980758667
1747788559,"2025-05-21 00:49:19",B5740,CZ3401,7780.02,783.396,292,112.67422485352,24.495927810669
1747788573,"2025-05-21 00:49:33",B5740,CZ3401,7917.18,788.952,277,112.63541412354,24.500581741333
1747788594,"2025-05-21 00:49:54",B5740,CZ3401,8069.58,790.804,276,112.59229278564,24.505191802979
1747788608,"2025-05-21 00:50:08",B5740,CZ3401,8153.4,790.804,277,112.56845855713,24.507610321045
1747788622,"2025-05-21 00:50:22",B5740,CZ3401,8275.32,790.804,276,112.5366897583,24.510780334473
1747788636,"2025-05-21 00:50:36",B5740,CZ3401,8389.62,796.36,276,112.50031280518,24.514221191406
1747788651,"2025-05-21 00:50:51",B5740,CZ3401,8420.1,800.064,276,112.47393035889,24.516689300537
1747788662,"2025-05-21 00:51:02",B5740,CZ3401,8420.1,801.916,276,112.45223999023,24.518739700317
1747788681,"2025-05-21 00:51:21",B5740,CZ3401,8412.48,803.768,276,112.40904998779,24.5227394104
1747788696,"2025-05-21 00:51:36",B5740,CZ3401,8412.48,805.62,276,112.37314605713,24.526062011719
1747788721,"2025-05-21 00:52:01",B5740,CZ3401,8412.48,811.176,276,112.32141876221,24.531097412109
1747788736,"2025-05-21 00:52:16",B5740,CZ3401,8412.48,814.88,276,112.28357696533,24.534713745117
1747788756,"2025-05-21 00:52:36",B5740,CZ3401,8412.48,814.88,276,112.24560546875,24.538242340088
1747788771,"2025-05-21 00:52:51",B5740,CZ3401,8412.48,814.88,276,112.20896911621,24.541688919067
1747788791,"2025-05-21 00:53:11",B5740,CZ3401,8412.48,818.584,276,112.16667938232,24.545597076416
1747788806,"2025-05-21 00:53:26",B5740,CZ3401,8412.48,816.732,276,112.12837982178,24.54913520813
1747788821,"2025-05-21 00:53:41",B5740,CZ3401,8412.48,818.584,276,112.09396362305,24.552429199219
1747788836,"2025-05-21 00:53:56",B5740,CZ3401,8412.48,816.732,276,112.060546875,24.555633544922
1747788856,"2025-05-21 00:54:16",B5740,CZ3401,8412.48,814.88,276,112.02131652832,24.559331893921
1747788867,"2025-05-21 00:54:27",B5740,CZ3401,8412.48,814.88,276,111.99820709229,24.561473846436
1747788879,"2025-05-21 00:54:39",B5740,CZ3401,8412.48,811.176,276,111.97174072266,24.56396484375
1747788894,"2025-05-21 00:54:54",B5740,CZ3401,8412.48,809.324,276,111.9390335083,24.566986083984
1747788909,"2025-05-21 00:55:09",B5740,CZ3401,8412.48,807.472,276,111.8971786499,24.570877075195
1747788924,"2025-05-21 00:55:24",B5740,CZ3401,8412.48,807.472,276,111.86376190186,24.573944091797
1747788943,"2025-05-21 00:55:43",B5740,CZ3401,8412.48,807.472,276,111.82479858398,24.577560424805
1747788957,"2025-05-21 00:55:57",B5740,CZ3401,8412.48,807.472,276,111.79229736328,24.580581665039
1747788972,"2025-05-21 00:56:12",B5740,CZ3401,8412.48,807.472,276,111.76376342773,24.583213806152
1747788987,"2025-05-21 00:56:27",B5740,CZ3401,8412.48,807.472,276,111.73271942139,24.586051940918
1747789020,"2025-05-21 00:57:00",B5740,CZ3401,8412.48,807.472,276,111.6541519165,24.593399047852
1747789049,"2025-05-21 00:57:29",B5740,CZ3401,8412.48,809.324,276,111.59597015381,24.598754882812
1747789064,"2025-05-21 00:57:44",B5740,CZ3401,8412.48,809.324,276,111.56133270264,24.601867675781
1747789079,"2025-05-21 00:57:59",B5740,CZ3401,8412.48,811.176,276,111.52841949463,24.604843139648
1747789094,"2025-05-21 00:58:14",B5740,CZ3401,8412.48,809.324,276,111.49671936035,24.607698440552
1747789109,"2025-05-21 00:58:29",B5740,CZ3401,8412.48,811.176,276,111.46292877197,24.610771179199
1747789124,"2025-05-21 00:58:44",B5740,CZ3401,8412.48,811.176,276,111.4301071167,24.613677978516
1747789139,"2025-05-21 00:58:59",B5740,CZ3401,8412.48,811.176,276,111.39530181885,24.616823196411
1747789156,"2025-05-21 00:59:16",B5740,CZ3401,8412.48,811.176,276,111.35109710693,24.620733261108
1747789171,"2025-05-21 00:59:31",B5740,CZ3401,8412.48,811.176,275,111.32888793945,24.622695922852
1747789186,"2025-05-21 00:59:46",B5740,CZ3401,8412.48,811.176,276,111.29300689697,24.625900268555
1747789201,"2025-05-21 01:00:01",B5740,CZ3401,8412.48,809.324,276,111.25963592529,24.628833770752
1747789217,"2025-05-21 01:00:17",B5740,CZ3401,8412.48,811.176,275,111.22693634033,24.631673812866
1747789231,"2025-05-21 01:00:31",B5740,CZ3401,8412.48,811.176,275,111.19323730469,24.634552001953
1747789246,"2025-05-21 01:00:46",B5740,CZ3401,8412.48,809.324,276,111.16024017334,24.637493133545
1747789261,"2025-05-21 01:01:01",B5740,CZ3401,8412.48,809.324,275,111.12717437744,24.640331268311
1747789276,"2025-05-21 01:01:16",B5740,CZ3401,8412.48,809.324,275,111.09395599365,24.643157958984
1747789291,"2025-05-21 01:01:31",B5740,CZ3401,8412.48,809.324,275,111.06084442139,24.645950317383
1747789306,"2025-05-21 01:01:46",B5740,CZ3401,8412.48,811.176,275,111.02798461914,24.64875793457
1747789322,"2025-05-21 01:02:02",B5740,CZ3401,8412.48,811.176,275,110.99420928955,24.651626586914
1747789336,"2025-05-21 01:02:16",B5740,CZ3401,8412.48,811.176,275,110.96008300781,24.654556274414
1747789351,"2025-05-21 01:02:31",B5740,CZ3401,8412.48,811.176,275,110.92802429199,24.657276153564
1747789366,"2025-05-21 01:02:46",B5740,CZ3401,8412.48,813.028,275,110.89533233643,24.660049438477
1747789381,"2025-05-21 01:03:01",B5740,CZ3401,8412.48,814.88,275,110.86122131348,24.662910461426
1747789396,"2025-05-21 01:03:16",B5740,CZ3401,8412.48,814.88,276,110.82870483398,24.665679931641
1747789411,"2025-05-21 01:03:31",B5740,CZ3401,8412.48,814.88,288,110.79584503174,24.672180175781
1747789426,"2025-05-21 01:03:46",B5740,CZ3401,8412.48,814.88,300,110.7657699585,24.685394287109
1747789441,"2025-05-21 01:04:01",B5740,CZ3401,8412.48,820.436,318,110.73970031738,24.705598831177
1747789457,"2025-05-21 01:04:17",B5740,CZ3401,8412.48,824.14,328,110.72046661377,24.731300354004
1747789471,"2025-05-21 01:04:31",B5740,CZ3401,8412.48,822.288,326,110.70202636719,24.756759643555
1747789486,"2025-05-21 01:04:46",B5740,CZ3401,8412.48,822.288,325,110.68285369873,24.782176971436
1747789501,"2025-05-21 01:05:01",B5740,CZ3401,8412.48,820.436,326,110.6635055542,24.807540893555
1747789512,"2025-05-21 01:05:12",B5740,CZ3401,8412.48,820.436,325,110.6506652832,24.824306488037
1747789526,"2025-05-21 01:05:26",B5740,CZ3401,8412.48,820.436,324,110.63146209717,24.848789215088
1747789540,"2025-05-21 01:05:40",B5740,CZ3401,8412.48,820.436,322,110.61767578125,24.865264892578
1747789552,"2025-05-21 01:05:52",B5740,CZ3401,8412.48,818.584,319,110.59534454346,24.889755249023
1747789566,"2025-05-21 01:06:06",B5740,CZ3401,8412.48,818.584,318,110.57355499268,24.912010192871
1747789581,"2025-05-21 01:06:21",B5740,CZ3401,8412.48,818.584,317,110.5500793457,24.93489074707
1747789597,"2025-05-21 01:06:37",B5740,CZ3401,8412.48,818.584,316,110.52728271484,24.956655502319
1747789611,"2025-05-21 01:06:51",B5740,CZ3401,8412.48,820.436,316,110.50359344482,24.978973388672
1747789626,"2025-05-21 01:07:06",B5740,CZ3401,8412.48,820.436,316,110.47986602783,25.001111984253
1747789641,"2025-05-21 01:07:21",B5740,CZ3401,8412.48,822.288,316,110.4563369751,25.023038864136
1747789656,"2025-05-21 01:07:36",B5740,CZ3401,8412.48,822.288,316,110.43223571777,25.045568466187
1747789671,"2025-05-21 01:07:51",B5740,CZ3401,8412.48,820.436,316,110.40883636475,25.067459106445
1747789687,"2025-05-21 01:08:07",B5740,CZ3401,8412.48,822.288,316,110.38507843018,25.089797973633
1747789701,"2025-05-21 01:08:21",B5740,CZ3401,8412.48,824.14,316,110.36165618896,25.111766815186
1747789716,"2025-05-21 01:08:36",B5740,CZ3401,8412.48,829.696,316,110.33797454834,25.134111404419
1747789731,"2025-05-21 01:08:51",B5740,CZ3401,8412.48,829.696,316,110.31449890137,25.156223297119
1747789742,"2025-05-21 01:09:02",B5740,CZ3401,8412.48,829.696,316,110.29871368408,25.171096801758
1747789756,"2025-05-21 01:09:16",B5740,CZ3401,8412.48,829.696,316,110.27490234375,25.193698883057
1747789771,"2025-05-21 01:09:31",B5740,CZ3401,8412.48,831.548,316,110.25101470947,25.216369628906
1747789786,"2025-05-21 01:09:46",B5740,CZ3401,8412.48,831.548,316,110.22679901123,25.2392578125
1747789801,"2025-05-21 01:10:01",B5740,CZ3401,8412.48,833.4,316,110.20328521729,25.261665344238
1747789816,"2025-05-21 01:10:16",B5740,CZ3401,8412.48,833.4,316,110.17964935303,25.284301757812
1747789831,"2025-05-21 01:10:31",B5740,CZ3401,8412.48,833.4,317,110.1559753418,25.306913375854
1747789846,"2025-05-21 01:10:46",B5740,CZ3401,8412.48,835.252,316,110.1323928833,25.329391479492
1747789861,"2025-05-21 01:11:01",B5740,CZ3401,8412.48,835.252,316,110.10828399658,25.352416992188
1747789876,"2025-05-21 01:11:16",B5740,CZ3401,8412.48,835.252,316,110.08432769775,25.375350952148
1747789891,"2025-05-21 01:11:31",B5740,CZ3401,8412.48,837.104,317,110.06025695801,25.398389816284
1747789906,"2025-05-21 01:11:46",B5740,CZ3401,8412.48,837.104,316,110.03677368164,25.420761108398
1747789921,"2025-05-21 01:12:01",B5740,CZ3401,8412.48,838.956,316,110.01289367676,25.443450927734
1747789936,"2025-05-21 01:12:16",B5740,CZ3401,8412.48,838.956,317,109.98905181885,25.466121673584
1747789951,"2025-05-21 01:12:31",B5740,CZ3401,8412.48,838.956,316,109.96129608154,25.492492675781
1747789966,"2025-05-21 01:12:46",B5740,CZ3401,8412.48,840.808,316,109.93789672852,25.514650344849
1747789981,"2025-05-21 01:13:01",B5740,CZ3401,8412.48,842.66,316,109.91246032715,25.538789749146
1747789996,"2025-05-21 01:13:16",B5740,CZ3401,8412.48,842.66,316,109.88677978516,25.563079833984
1747790011,"2025-05-21 01:13:31",B5740,CZ3401,8412.48,844.512,316,109.86328125,25.585372924805
1747790026,"2025-05-21 01:13:46",B5740,CZ3401,8412.48,844.512,316,109.83918762207,25.608200073242
1747790041,"2025-05-21 01:14:01",B5740,CZ3401,8412.48,842.66,305,109.81275177002,25.628171920776
1747790061,"2025-05-21 01:14:21",B5740,CZ3401,8412.48,840.808,290,109.77935791016,25.642044067383
1747790076,"2025-05-21 01:14:36",B5740,CZ3401,8412.48,844.512,288,109.74527740479,25.652297973633
1747790091,"2025-05-21 01:14:51",B5740,CZ3401,8412.48,842.66,288,109.71278381348,25.662090301514
1747790106,"2025-05-21 01:15:06",B5740,CZ3401,8412.48,844.512,289,109.67946624756,25.672210693359
1747790121,"2025-05-21 01:15:21",B5740,CZ3401,8412.48,844.512,289,109.639793396,25.68438911438
1747790136,"2025-05-21 01:15:36",B5740,CZ3401,8412.48,846.364,289,109.6065826416,25.694599151611
1747790151,"2025-05-21 01:15:51",B5740,CZ3401,8412.48,846.364,289,109.57335662842,25.7047996521
1747790166,"2025-05-21 01:16:06",B5740,CZ3401,8412.48,846.364,289,109.53742218018,25.715879440308
1747790181,"2025-05-21 01:16:21",B5740,CZ3401,8412.48,846.364,289,109.51326751709,25.723320007324
1747790196,"2025-05-21 01:16:36",B5740,CZ3401,8412.48,846.364,289,109.48000335693,25.733560562134
1747790211,"2025-05-21 01:16:51",B5740,CZ3401,8412.48,848.216,289,109.44492340088,25.744365692139
1747790226,"2025-05-21 01:17:06",B5740,CZ3401,8412.48,846.364,289,109.40795898438,25.755800247192
1747790241,"2025-05-21 01:17:21",B5740,CZ3401,8412.48,846.364,289,109.37283325195,25.766710281372
1747790256,"2025-05-21 01:17:36",B5740,CZ3401,8412.48,848.216,290,109.33792114258,25.777629852295
1747790271,"2025-05-21 01:17:51",B5740,CZ3401,8412.48,848.216,290,109.30374145508,25.788389205933
1747790286,"2025-05-21 01:18:06",B5740,CZ3401,8412.48,848.216,290,109.2797088623,25.79594039917
1747790301,"2025-05-21 01:18:21",B5740,CZ3401,8412.48,850.068,290,109.2469329834,25.806200027466
1747790316,"2025-05-21 01:18:36",B5740,CZ3401,8412.48,850.068,289,109.21389770508,25.816568374634
1747790331,"2025-05-21 01:18:51",B5740,CZ3401,8412.48,851.92,289,109.18060302734,25.82698059082
1747790346,"2025-05-21 01:19:06",B5740,CZ3401,8412.48,853.772,289,109.14579772949,25.837779998779
1747790361,"2025-05-21 01:19:21",B5740,CZ3401,8412.48,853.772,289,109.11185455322,25.84831237793
1747790376,"2025-05-21 01:19:36",B5740,CZ3401,8412.48,853.772,289,109.08003234863,25.858325958252
1747790391,"2025-05-21 01:19:51",B5740,CZ3401,8412.48,857.476,289,109.04630279541,25.868911743164
1747790406,"2025-05-21 01:20:06",B5740,CZ3401,8412.48,857.476,290,109.01226043701,25.879619598389
1747790421,"2025-05-21 01:20:21",B5740,CZ3401,8412.48,857.476,287,108.97918701172,25.88969039917
1747790436,"2025-05-21 01:20:36",B5740,CZ3401,8412.48,857.476,280,108.94465637207,25.896869659424
1747790451,"2025-05-21 01:20:51",B5740,CZ3401,8412.48,857.476,279,108.90953063965,25.901943206787
1747790466,"2025-05-21 01:21:06",B5740,CZ3401,8412.48,855.624,280,108.87399291992,25.907043457031
1747790481,"2025-05-21 01:21:21",B5740,CZ3401,8412.48,857.476,279,108.83849334717,25.912189483643
1747790496,"2025-05-21 01:21:36",B5740,CZ3401,8412.48,855.624,280,108.80393218994,25.917251586914
1747790511,"2025-05-21 01:21:51",B5740,CZ3401,8412.48,857.476,279,108.76840209961,25.922521591187
1747790526,"2025-05-21 01:22:06",B5740,CZ3401,8412.48,859.328,279,108.73348236084,25.927734375
1747790542,"2025-05-21 01:22:22",B5740,CZ3401,8412.48,857.476,279,108.69826507568,25.932952880859
1747790556,"2025-05-21 01:22:36",B5740,CZ3401,8412.48,855.624,279,108.66255187988,25.938348770142
1747790571,"2025-05-21 01:22:51",B5740,CZ3401,8412.48,855.624,280,108.62789154053,25.943756103516
1747790586,"2025-05-21 01:23:06",B5740,CZ3401,8412.48,855.624,282,108.59296417236,25.949615478516
1747790601,"2025-05-21 01:23:21",B5740,CZ3401,8412.48,855.624,283,108.55844116211,25.956735610962
1747790616,"2025-05-21 01:23:36",B5740,CZ3401,8412.48,853.772,283,108.52363586426,25.96395111084
1747790631,"2025-05-21 01:23:51",B5740,CZ3401,8412.48,851.92,283,108.48993682861,25.970859527588
1747790646,"2025-05-21 01:24:06",B5740,CZ3401,8412.48,846.364,282,108.45475769043,25.977918624878
1747790661,"2025-05-21 01:24:21",B5740,CZ3401,8412.48,829.696,282,108.42121887207,25.98438835144
1747790676,"2025-05-21 01:24:36",B5740,CZ3401,8412.48,816.732,282,108.3881072998,25.990631103516
1747790691,"2025-05-21 01:24:51",B5740,CZ3401,8412.48,811.176,282,108.35446166992,25.996959686279
1747790706,"2025-05-21 01:25:06",B5740,CZ3401,8412.48,809.324,282,108.32167053223,26.003219604492
1747790721,"2025-05-21 01:25:21",B5740,CZ3401,8412.48,807.472,281,108.28845214844,26.008899688721
1747790736,"2025-05-21 01:25:36",B5740,CZ3401,8412.48,807.472,280,108.25497436523,26.014434814453
1747790751,"2025-05-21 01:25:51",B5740,CZ3401,8412.48,811.176,280,108.22228240967,26.019649505615
1747790766,"2025-05-21 01:26:06",B5740,CZ3401,8412.48,811.176,279,108.18885040283,26.024869918823
1747790781,"2025-05-21 01:26:21",B5740,CZ3401,8412.48,811.176,279,108.15544128418,26.029779434204
1747790796,"2025-05-21 01:26:36",B5740,CZ3401,8412.48,798.212,277,108.12226867676,26.03359413147
1747790811,"2025-05-21 01:26:51",B5740,CZ3401,8412.48,785.248,277,108.09052276611,26.036853790283
1747790826,"2025-05-21 01:27:06",B5740,CZ3401,8412.48,777.84,274,108.05825042725,26.039880752563
1747790841,"2025-05-21 01:27:21",B5740,CZ3401,8412.48,774.136,265,108.02587127686,26.038160324097
1747790852,"2025-05-21 01:27:32",B5740,CZ3401,8412.48,772.284,264,108.00437164307,26.036108016968
1747790866,"2025-05-21 01:27:46",B5740,CZ3401,8412.48,770.432,262,107.97220611572,26.032011032104
1747790881,"2025-05-21 01:28:01",B5740,CZ3401,8412.48,770.432,262,107.94114685059,26.027959823608
1747790896,"2025-05-21 01:28:16",B5740,CZ3401,8412.48,768.58,262,107.90917205811,26.023679733276
1747790911,"2025-05-21 01:28:31",B5740,CZ3401,8412.48,768.58,262,107.87766265869,26.019535064697
1747790926,"2025-05-21 01:28:46",B5740,CZ3401,8412.48,768.58,262,107.84602355957,26.015439987183
1747790941,"2025-05-21 01:29:01",B5740,CZ3401,8412.48,770.432,262,107.8150177002,26.011339187622
1747790956,"2025-05-21 01:29:16",B5740,CZ3401,8412.48,770.432,261,107.78240966797,26.006881713867
1747790972,"2025-05-21 01:29:32",B5740,CZ3401,8412.48,770.432,261,107.75169372559,26.002540588379
1747790986,"2025-05-21 01:29:46",B5740,CZ3401,8412.48,768.58,261,107.71933746338,25.997909545898
1747791001,"2025-05-21 01:30:01",B5740,CZ3401,8412.48,763.024,274,107.68741607666,25.996536254883
1747791016,"2025-05-21 01:30:16",B5740,CZ3401,8412.48,761.172,278,107.6566696167,25.999799728394
1747791031,"2025-05-21 01:30:31",B5740,CZ3401,8412.48,761.172,277,107.62445068359,26.003335952759
1747791046,"2025-05-21 01:30:46",B5740,CZ3401,8412.48,759.32,285,107.59398651123,26.008346557617
1747791061,"2025-05-21 01:31:01",B5740,CZ3401,8412.48,757.468,288,107.56423950195,26.016952514648
1747791075,"2025-05-21 01:31:15",B5740,CZ3401,8412.48,755.616,288,107.53392028809,26.025741577148
1747791090,"2025-05-21 01:31:30",B5740,CZ3401,8412.48,755.616,298,107.50518035889,26.036853790283
1747791105,"2025-05-21 01:31:45",B5740,CZ3401,8412.48,753.764,299,107.47734832764,26.050399780273
1747791120,"2025-05-21 01:32:00",B5740,CZ3401,8412.48,755.616,298,107.45038604736,26.063507080078
1747791135,"2025-05-21 01:32:15",B5740,CZ3401,8412.48,753.764,298,107.42204284668,26.077167510986
1747791150,"2025-05-21 01:32:30",B5740,CZ3401,8412.48,753.764,298,107.39421081543,26.090574264526
1747791165,"2025-05-21 01:32:45",B5740,CZ3401,8412.48,753.764,298,107.36647796631,26.103879928589
1747791180,"2025-05-21 01:33:00",B5740,CZ3401,8412.48,751.912,298,107.33981323242,26.116640090942
1747791195,"2025-05-21 01:33:15",B5740,CZ3401,8412.48,751.912,298,107.31181335449,26.130004882812
1747791210,"2025-05-21 01:33:30",B5740,CZ3401,8412.48,751.912,298,107.28429412842,26.143203735352
1747791225,"2025-05-21 01:33:45",B5740,CZ3401,8412.48,751.912,298,107.25635528564,26.156539916992
1747791240,"2025-05-21 01:34:00",B5740,CZ3401,8412.48,751.912,298,107.22920227051,26.169389724731
1747791252,"2025-05-21 01:34:12",B5740,CZ3401,8412.48,750.06,297,107.21060180664,26.178085327148
1747791265,"2025-05-21 01:34:25",B5740,CZ3401,8412.48,757.468,297,107.18229675293,26.19126701355
1747791280,"2025-05-21 01:34:40",B5740,CZ3401,8412.48,770.432,298,107.15380096436,26.204681396484
1747791295,"2025-05-21 01:34:55",B5740,CZ3401,8412.48,777.84,298,107.12531280518,26.218173980713
1747791310,"2025-05-21 01:35:10",B5740,CZ3401,8412.48,775.988,298,107.09662628174,26.231767654419
1747791325,"2025-05-21 01:35:25",B5740,CZ3401,8412.48,777.84,298,107.06852722168,26.245080947876
1747791341,"2025-05-21 01:35:41",B5740,CZ3401,8412.48,777.84,298,107.03905487061,26.258907318115
1747791355,"2025-05-21 01:35:55",B5740,CZ3401,8412.48,777.84,298,107.01110839844,26.272079467773
1747791370,"2025-05-21 01:36:10",B5740,CZ3401,8412.48,777.84,298,106.98268890381,26.285610198975
1747791385,"2025-05-21 01:36:25",B5740,CZ3401,8412.48,779.692,298,106.95407867432,26.299350738525
1747791400,"2025-05-21 01:36:40",B5740,CZ3401,8412.48,779.692,298,106.92496490479,26.313373565674
1747791415,"2025-05-21 01:36:55",B5740,CZ3401,8412.48,779.692,299,106.89665985107,26.327087402344
1747791430,"2025-05-21 01:37:10",B5740,CZ3401,8412.48,779.692,298,106.86820983887,26.340869903564
1747791441,"2025-05-21 01:37:21",B5740,CZ3401,8412.48,783.396,304,106.84896087646,26.351219177246
1747791455,"2025-05-21 01:37:35",B5740,CZ3401,8412.48,783.396,310,106.82386779785,26.369375228882
1747791470,"2025-05-21 01:37:50",B5740,CZ3401,8412.48,781.544,309,106.79820251465,26.388414382935
1747791485,"2025-05-21 01:38:05",B5740,CZ3401,8412.48,781.544,310,106.77317047119,26.407012939453
1747791500,"2025-05-21 01:38:20",B5740,CZ3401,8412.48,779.692,310,106.74782562256,26.42578125
1747791515,"2025-05-21 01:38:35",B5740,CZ3401,8412.48,781.544,310,106.72319793701,26.444137573242
1747791530,"2025-05-21 01:38:50",B5740,CZ3401,8412.48,779.692,309,106.69763183594,26.462991714478
1747791545,"2025-05-21 01:39:05",B5740,CZ3401,8412.48,781.544,309,106.6731262207,26.481100082397
1747791556,"2025-05-21 01:39:16",B5740,CZ3401,8412.48,783.396,311,106.65631103516,26.493896484375
1747791567,"2025-05-21 01:39:27",B5740,CZ3401,8412.48,787.1,320,106.64170074463,26.508380889893
1747791580,"2025-05-21 01:39:40",B5740,CZ3401,8412.48,788.952,320,106.62030792236,26.531423568726
1747791595,"2025-05-21 01:39:55",B5740,CZ3401,8412.48,788.952,320,106.59915161133,26.554046630859
1747791610,"2025-05-21 01:40:10",B5740,CZ3401,8412.48,790.804,320,106.57763671875,26.576839447021
1747791625,"2025-05-21 01:40:25",B5740,CZ3401,8412.48,788.952,320,106.5565032959,26.599018096924
1747791636,"2025-05-21 01:40:36",B5740,CZ3401,8412.48,790.804,320,106.54209136963,26.614149093628
1747791650,"2025-05-21 01:40:50",B5740,CZ3401,8412.48,788.952,321,106.52042388916,26.637237548828
1747791665,"2025-05-21 01:41:05",B5740,CZ3401,8412.48,790.804,320,106.4997177124,26.659299850464
1747791680,"2025-05-21 01:41:20",B5740,CZ3401,8412.48,790.804,320,106.47752380371,26.682500839233
1747791695,"2025-05-21 01:41:35",B5740,CZ3401,8412.48,787.1,321,106.45638275146,26.705249786377
1747791710,"2025-05-21 01:41:50",B5740,CZ3401,8412.48,788.952,321,106.43581390381,26.727735519409
1747791725,"2025-05-21 01:42:05",B5740,CZ3401,8412.48,794.508,321,106.414894104,26.750545501709
1747791740,"2025-05-21 01:42:20",B5740,CZ3401,8412.48,796.36,322,106.39424133301,26.774047851562
1747791755,"2025-05-21 01:42:35",B5740,CZ3401,8412.48,796.36,322,106.37393188477,26.797529220581
1747791766,"2025-05-21 01:42:46",B5740,CZ3401,8412.48,798.212,322,106.36025238037,26.813320159912
1747791780,"2025-05-21 01:43:00",B5740,CZ3401,8412.48,798.212,322,106.33910369873,26.837411880493
1747791795,"2025-05-21 01:43:15",B5740,CZ3401,8412.48,800.064,321,106.31837463379,26.860656738281
1747791810,"2025-05-21 01:43:30",B5740,CZ3401,8412.48,800.064,322,106.29705810547,26.88429069519
1747791825,"2025-05-21 01:43:45",B5740,CZ3401,8412.48,801.916,321,106.27587890625,26.907709121704
1747791841,"2025-05-21 01:44:01",B5740,CZ3401,8412.48,800.064,321,106.25501251221,26.930749893188
1747791855,"2025-05-21 01:44:15",B5740,CZ3401,8412.48,801.916,321,106.23415374756,26.953840255737
1747791870,"2025-05-21 01:44:30",B5740,CZ3401,8412.48,803.768,321,106.21229553223,26.977981567383
1747791886,"2025-05-21 01:44:46",B5740,CZ3401,8412.48,805.62,321,106.19100189209,27.001550674438
1747791900,"2025-05-21 01:45:00",B5740,CZ3401,8412.48,807.472,321,106.1700592041,27.024719238281
1747791915,"2025-05-21 01:45:15",B5740,CZ3401,8412.48,807.472,321,106.14778900146,27.049457550049
1747791930,"2025-05-21 01:45:30",B5740,CZ3401,8412.48,807.472,322,106.12787628174,27.071594238281
1747791945,"2025-05-21 01:45:45",B5740,CZ3401,8412.48,809.324,321,106.10632324219,27.095489501953
1747791960,"2025-05-21 01:46:00",B5740,CZ3401,8412.48,807.472,322,106.08541107178,27.118770599365
1747791975,"2025-05-21 01:46:15",B5740,CZ3401,8412.48,811.176,321,106.06294250488,27.143783569336
1747791990,"2025-05-21 01:46:30",B5740,CZ3401,8412.48,811.176,321,106.04216003418,27.166849136353
1747792005,"2025-05-21 01:46:45",B5740,CZ3401,8412.48,811.176,321,106.02139282227,27.189859390259
1747792020,"2025-05-21 01:47:00",B5740,CZ3401,8412.48,813.028,322,105.99968719482,27.213930130005
1747792035,"2025-05-21 01:47:15",B5740,CZ3401,8412.48,813.028,322,105.97696685791,27.239040374756
1747792050,"2025-05-21 01:47:30",B5740,CZ3401,8412.48,814.88,322,105.95484161377,27.263597488403
1747792065,"2025-05-21 01:47:45",B5740,CZ3401,8412.48,818.584,322,105.9331817627,27.287567138672
1747792080,"2025-05-21 01:48:00",B5740,CZ3401,8412.48,820.436,322,105.91136169434,27.31164932251
1747792095,"2025-05-21 01:48:15",B5740,CZ3401,8412.48,818.584,319,105.88903045654,27.335800170898
1747792110,"2025-05-21 01:48:30",B5740,CZ3401,8412.48,820.436,316,105.8662109375,27.356929779053
1747792125,"2025-05-21 01:48:45",B5740,CZ3401,8412.48,822.288,316,105.84187316895,27.378980636597
1747792140,"2025-05-21 01:49:00",B5740,CZ3401,8412.48,824.14,316,105.81684112549,27.401639938354
1747792155,"2025-05-21 01:49:15",B5740,CZ3401,8412.48,825.992,316,105.7926864624,27.423500061035
1747792170,"2025-05-21 01:49:30",B5740,CZ3401,8412.48,827.844,316,105.76864624023,27.445310592651
1747792181,"2025-05-21 01:49:41",B5740,CZ3401,8412.48,827.844,316,105.75132751465,27.461029052734
1747792198,"2025-05-21 01:49:58",B5740,CZ3401,8412.48,829.696,316,105.7274017334,27.482759475708
1747792210,"2025-05-21 01:50:10",B5740,CZ3401,8412.48,827.844,316,105.70143127441,27.506290435791
1747792225,"2025-05-21 01:50:25",B5740,CZ3401,8412.48,825.992,316,105.676612854,27.528760910034
1747792236,"2025-05-21 01:50:36",B5740,CZ3401,8412.48,825.992,316,105.6604385376,27.543319702148
1747792250,"2025-05-21 01:50:50",B5740,CZ3401,8412.48,825.992,316,105.63597869873,27.565380096436
1747792265,"2025-05-21 01:51:05",B5740,CZ3401,8412.48,825.992,316,105.61173248291,27.587230682373
1747792280,"2025-05-21 01:51:20",B5740,CZ3401,8412.48,827.844,316,105.58786010742,27.608739852905
1747792295,"2025-05-21 01:51:35",B5740,CZ3401,8412.48,827.844,316,105.56276702881,27.631269454956
1747792310,"2025-05-21 01:51:50",B5740,CZ3401,8412.48,827.844,316,105.53688812256,27.654539108276
1747792321,"2025-05-21 01:52:01",B5740,CZ3401,8412.48,827.844,316,105.51934814453,27.670320510864
1747792334,"2025-05-21 01:52:14",B5740,CZ3401,8412.48,827.844,316,105.50057220459,27.687240600586
1747792349,"2025-05-21 01:52:29",B5740,CZ3401,8412.48,829.696,316,105.47559356689,27.709669113159
1747792366,"2025-05-21 01:52:46",B5740,CZ3401,8412.48,829.696,315,105.4493637085,27.733215332031
1747792379,"2025-05-21 01:52:59",B5740,CZ3401,8412.48,829.696,316,105.42387390137,27.756225585938
1747792394,"2025-05-21 01:53:14",B5740,CZ3401,8412.48,829.696,315,105.3985824585,27.778930664062
1747792409,"2025-05-21 01:53:29",B5740,CZ3401,8412.48,828,315,105.3772354126,27.798110961914
1747792424,"2025-05-21 01:53:44",B5740,CZ3401,8412.48,825.992,316,105.34906005859,27.82333946228
1747792439,"2025-05-21 01:53:59",B5740,CZ3401,8412.48,824.4,315,105.3246307373,27.845306396484
1747792454,"2025-05-21 01:54:14",B5740,CZ3401,8412.48,824.14,316,105.29972839355,27.867710113525
1747792469,"2025-05-21 01:54:29",B5740,CZ3401,8412.48,824.14,315,105.27545166016,27.88948059082
1747792484,"2025-05-21 01:54:44",B5740,CZ3401,8412.48,824.14,315,105.2512512207,27.9111328125
1747792495,"2025-05-21 01:54:55",B5740,CZ3401,8412.48,822.288,316,105.2350769043,27.92560005188
1747792509,"2025-05-21 01:55:09",B5740,CZ3401,8412.48,822.288,315,105.21687316895,27.941909790039
1747792524,"2025-05-21 01:55:24",B5740,CZ3401,8412.48,824.14,318,105.19069671631,27.965791702271
1747792539,"2025-05-21 01:55:39",B5740,CZ3401,8412.48,824.4,320,105.16826629639,27.98991394043
1747792554,"2025-05-21 01:55:54",B5740,CZ3401,8412.48,829.696,328,105.14945220947,28.014209747314
1747792569,"2025-05-21 01:56:09",B5740,CZ3401,8412.48,827.844,328,105.12935638428,28.042928695679
1747792584,"2025-05-21 01:56:24",B5740,CZ3401,8412.48,828,325,105.10932159424,28.071418762207
1747792604,"2025-05-21 01:56:44",B5740,CZ3401,8412.48,828,328,105.0856552124,28.105133056641
1747792619,"2025-05-21 01:56:59",B5740,CZ3401,8412.48,829.696,329,105.06770324707,28.130769729614
1747792634,"2025-05-21 01:57:14",B5740,CZ3401,8412.48,828,328,105.04725646973,28.160018920898
1747792649,"2025-05-21 01:57:29",B5740,CZ3401,8412.48,833.4,328,105.02787017822,28.187810897827
1747792664,"2025-05-21 01:57:44",B5740,CZ3401,8412.48,833.4,328,105.00985717773,28.213714599609
1747792679,"2025-05-21 01:57:59",B5740,CZ3401,8412.48,831.548,329,104.99095153809,28.240810394287
1747792694,"2025-05-21 01:58:14",B5740,CZ3401,8412.48,833.4,328,104.97269439697,28.266937255859
1747792709,"2025-05-21 01:58:29",B5740,CZ3401,8412.48,831.548,329,104.95413970947,28.29345703125
1747792724,"2025-05-21 01:58:44",B5740,CZ3401,8412.48,833.4,328,104.9400100708,28.313539505005
1747792735,"2025-05-21 01:58:55",B5740,CZ3401,8412.48,833.4,328,104.92756652832,28.331230163574
1747792749,"2025-05-21 01:59:09",B5740,CZ3401,8412.48,833.4,329,104.90930938721,28.35705947876
1747792764,"2025-05-21 01:59:24",B5740,CZ3401,8412.48,831.6,328,104.8900680542,28.384368896484
1747792779,"2025-05-21 01:59:39",B5740,CZ3401,8412.48,831.548,329,104.87162780762,28.410549163818
1747792790,"2025-05-21 01:59:50",B5740,CZ3401,8412.48,831.548,329,104.85922241211,28.428310394287
1747792804,"2025-05-21 02:00:04",B5740,CZ3401,8412.48,833.4,328,104.8402557373,28.455459594727
1747792815,"2025-05-21 02:00:15",B5740,CZ3401,8412.48,833.4,329,104.82852935791,28.472230911255
1747792830,"2025-05-21 02:00:30",B5740,CZ3401,8412.48,831.6,328,104.80798339844,28.501602172852
1747792845,"2025-05-21 02:00:45",B5740,CZ3401,8404.86,835.252,328,104.7897567749,28.527740478516
1747792860,"2025-05-21 02:01:00",B5740,CZ3401,8321.04,831.548,329,104.76998901367,28.556030273438
1747792875,"2025-05-21 02:01:15",B5740,CZ3401,8130.54,833.4,329,104.7512588501,28.582670211792
1747792891,"2025-05-21 02:01:31",B5740,CZ3401,7978.14,825.992,329,104.73267364502,28.609090805054
1747792910,"2025-05-21 02:01:50",B5740,CZ3401,7810.5,814.88,329,104.71305847168,28.636930465698
1747792925,"2025-05-21 02:02:05",B5740,CZ3401,7604.76,816.732,328,104.68872070312,28.671659469604
1747792940,"2025-05-21 02:02:20",B5740,CZ3401,7444.74,813.028,329,104.67028808594,28.697980880737
1747792955,"2025-05-21 02:02:35",B5740,CZ3401,7292.34,813.028,328,104.65209960938,28.723894119263
1747792970,"2025-05-21 02:02:50",B5740,CZ3401,7132.32,807.472,328,104.63410949707,28.749450683594
1747792986,"2025-05-21 02:03:06",B5740,CZ3401,6941.82,799.2,328,104.61181640625,28.781021118164
1747793008,"2025-05-21 02:03:28",B5740,CZ3401,6758.94,790.804,328,104.59015655518,28.811599731445
1747793023,"2025-05-21 02:03:43",B5740,CZ3401,6606.54,779.692,328,104.5728302002,28.835990905762
1747793038,"2025-05-21 02:03:58",B5740,CZ3401,6454.14,768.58,329,104.55564880371,28.860149383545
1747793053,"2025-05-21 02:04:13",B5740,CZ3401,6294.12,759.32,329,104.5383605957,28.884689331055
1747793064,"2025-05-21 02:04:24",B5740,CZ3401,6195.06,753.764,328,104.52683258057,28.901069641113
1747793078,"2025-05-21 02:04:38",B5740,CZ3401,6035.04,741.6,328,104.50992584229,28.925170898438
1747793093,"2025-05-21 02:04:53",B5740,CZ3401,5882.64,730.8,327,104.49334716797,28.948425292969
1747793108,"2025-05-21 02:05:08",B5740,CZ3401,5745.48,720,327,104.4767074585,28.971496582031
1747793120,"2025-05-21 02:05:20",B5740,CZ3401,5692.14,709.316,328,104.46592712402,28.986541748047
1747793133,"2025-05-21 02:05:33",B5740,CZ3401,5600.7,694.8,327,104.44982147217,29.009073257446
1747793148,"2025-05-21 02:05:48",B5740,CZ3401,5524.5,685.24,328,104.43420410156,29.030952453613
1747793164,"2025-05-21 02:06:04",B5740,CZ3401,5448.3,680.4,328,104.418800354,29.052598953247
1747793178,"2025-05-21 02:06:18",B5740,CZ3401,5394.96,680.4,327,104.40381622314,29.073669433594
1747793194,"2025-05-21 02:06:34",B5740,CZ3401,5387.34,679.684,328,104.38751220703,29.096544265747
1747793208,"2025-05-21 02:06:48",B5740,CZ3401,5387.34,677.832,328,104.37275695801,29.117202758789
1747793219,"2025-05-21 02:06:59",B5740,CZ3401,5394.96,676.8,328,104.36252593994,29.131692886353
1747793233,"2025-05-21 02:07:13",B5740,CZ3401,5394.96,673.2,327,104.34717559814,29.15315246582
1747793248,"2025-05-21 02:07:28",B5740,CZ3401,5394.96,676.8,327,104.33037567139,29.176382064819
1747793263,"2025-05-21 02:07:43",B5740,CZ3401,5387.34,680.4,327,104.3157119751,29.196578979492
1747793278,"2025-05-21 02:07:58",B5740,CZ3401,5334,680.4,327,104.2985458374,29.220560073853
1747793293,"2025-05-21 02:08:13",B5740,CZ3401,5280.66,684,327,104.28163146973,29.244302749634
1747793308,"2025-05-21 02:08:28",B5740,CZ3401,5227.32,680.4,327,104.26612091064,29.265949249268
1747793323,"2025-05-21 02:08:43",B5740,CZ3401,5166.36,676.8,325,104.24803161621,29.289363861084
1747793338,"2025-05-21 02:08:58",B5740,CZ3401,5120.64,675.98,325,104.23192596436,29.309474945068
1747793354,"2025-05-21 02:09:14",B5740,CZ3401,5059.68,666,324,104.2151260376,29.33032989502
1747793368,"2025-05-21 02:09:28",B5740,CZ3401,4953,672.276,325,104.19924163818,29.350070953369
1747793383,"2025-05-21 02:09:43",B5740,CZ3401,4838.7,670.424,325,104.18239593506,29.371078491211
1747793398,"2025-05-21 02:09:58",B5740,CZ3401,4724.4,670.424,325,104.16584777832,29.391590118408
1747793413,"2025-05-21 02:10:13",B5740,CZ3401,4602.48,666,324,104.14861297607,29.413007736206
1747793428,"2025-05-21 02:10:28",B5740,CZ3401,4495.8,658.8,324,104.13259124756,29.432876586914
1747793443,"2025-05-21 02:10:43",B5740,CZ3401,4373.88,651.6,324,104.11656951904,29.452716827393
1747793458,"2025-05-21 02:10:58",B5740,CZ3401,4259.58,648.2,325,104.10026550293,29.472885131836
1747793473,"2025-05-21 02:11:13",B5740,CZ3401,4145.28,644.4,324,104.08420562744,29.49284362793
1747793488,"2025-05-21 02:11:28",B5740,CZ3401,4030.98,644.4,324,104.06783294678,29.513076782227
1747793503,"2025-05-21 02:11:43",B5740,CZ3401,3931.92,648,324,104.05193328857,29.532623291016
1747793518,"2025-05-21 02:11:58",B5740,CZ3401,3870.96,648.2,325,104.03589630127,29.552480697632
1747793533,"2025-05-21 02:12:13",B5740,CZ3401,3832.86,648,324,104.02474975586,29.566303253174
1747793548,"2025-05-21 02:12:28",B5740,CZ3401,3779.52,651.6,324,104.00814819336,29.587005615234
1747793563,"2025-05-21 02:12:43",B5740,CZ3401,3733.8,655.2,325,103.99254608154,29.60657119751
1747793578,"2025-05-21 02:12:58",B5740,CZ3401,3672.84,651.6,324,103.97541809082,29.627986907959
1747793593,"2025-05-21 02:13:13",B5740,CZ3401,3611.8801,648,324,103.9568939209,29.650842666626
1747793607,"2025-05-21 02:13:27",B5740,CZ3401,3558.54,648,324,103.94030761719,29.671232223511
1747793622,"2025-05-21 02:13:42",B5740,CZ3401,3505.2,640.8,324,103.92420196533,29.690971374512
1747793633,"2025-05-21 02:13:53",B5740,CZ3401,3467.1,637.2,324,103.91358947754,29.704006195068
1747793648,"2025-05-21 02:14:08",B5740,CZ3401,3398.52,619.2,332,103.89921569824,29.723789215088
1747793662,"2025-05-21 02:14:22",B5740,CZ3401,3337.56,601.2,344,103.89011383057,29.745389938354
1747793677,"2025-05-21 02:14:37",B5740,CZ3401,3284.22,579.6,356,103.88650512695,29.767135620117
1747793692,"2025-05-21 02:14:52",B5740,CZ3401,3200.4,568.8,7,103.88782501221,29.788696289062
1747793707,"2025-05-21 02:15:07",B5740,CZ3401,3093.72,561.6,18,103.89414978027,29.809585571289
1747793722,"2025-05-21 02:15:22",B5740,CZ3401,3002.28,558,21,103.90267181396,29.828384399414
1747793738,"2025-05-21 02:15:38",B5740,CZ3401,2880.36,558,21,103.91175842285,29.848388671875
1747793752,"2025-05-21 02:15:52",B5740,CZ3401,2781.3,554.4,21,103.92086029053,29.868194580078
1747793765,"2025-05-21 02:16:05",B5740,CZ3401,2773.68,554.4,21,103.92739105225,29.882354736328
1747793780,"2025-05-21 02:16:20",B5740,CZ3401,2781.3,554.4,22,103.93658447266,29.901945114136
1747793795,"2025-05-21 02:16:35",B5740,CZ3401,2781.3,547.2,22,103.9458770752,29.921684265137
1747793810,"2025-05-21 02:16:50",B5740,CZ3401,2781.3,547.2,22,103.95489501953,29.941131591797
1747793825,"2025-05-21 02:17:05",B5740,CZ3401,2781.3,543.6,21,103.96379089355,29.960227966309
1747793840,"2025-05-21 02:17:20",B5740,CZ3401,2727.96,540,22,103.97272491455,29.979629516602
1747793855,"2025-05-21 02:17:35",B5740,CZ3401,2644.14,536.4,22,103.98188018799,29.999267578125
1747793870,"2025-05-21 02:17:50",B5740,CZ3401,2575.56,536.4,22,103.99053955078,30.017860412598
1747793885,"2025-05-21 02:18:05",B5740,CZ3401,2514.6,536.4,20,103.99680328369,30.031593322754
1747793900,"2025-05-21 02:18:20",B5740,CZ3401,2446.02,532.8,0,104.00015258789,30.051145553589
1747793915,"2025-05-21 02:18:35",B5740,CZ3401,2369.82,536.4,336,103.99443054199,30.070541381836
1747793930,"2025-05-21 02:18:50",B5740,CZ3401,2286,540,318,103.98010253906,30.087594985962
1747793945,"2025-05-21 02:19:05",B5740,CZ3401,2202.18,540,318,103.96379089355,30.103469848633
1747793957,"2025-05-21 02:19:17",B5740,CZ3401,2171.7,525.6,318,103.95371246338,30.113250732422
1747793970,"2025-05-21 02:19:30",B5740,CZ3401,2133.6,507.6,318,103.93863677979,30.128082275391
1747793986,"2025-05-21 02:19:46",B5740,CZ3401,2103.12,486,318,103.92425537109,30.142227172852
1747794000,"2025-05-21 02:20:00",B5740,CZ3401,2065.02,468,312,103.9100112915,30.155096054077
1747794030,"2025-05-21 02:20:30",B5740,CZ3401,1996.4401,421.2,288,103.87386322021,30.167945861816
1747794041,"2025-05-21 02:20:41",B5740,CZ3401,1965.96,406.8,289,103.86302185059,30.171157836914
1747794055,"2025-05-21 02:20:55",B5740,CZ3401,1920.24,388.92,289,103.84645080566,30.176139831543
1747794085,"2025-05-21 02:21:25",B5740,CZ3401,1859.28,356.4,289,103.81595611572,30.185302734375
1747794100,"2025-05-21 02:21:40",B5740,CZ3401,1866.9,349.2,308,103.80146789551,30.191547393799
1747794115,"2025-05-21 02:21:55",B5740,CZ3401,1828.8,349.2,342,103.79425048828,30.202972412109
1747794130,"2025-05-21 02:22:10",B5740,CZ3401,1714.5,352.8,19,103.79521942139,30.215881347656
1747794141,"2025-05-21 02:22:21",B5740,CZ3401,1668.78,349.2,24,103.79925537109,30.223709106445
1747794155,"2025-05-21 02:22:35",B5740,CZ3401,1592.58,349.2,22,103.8052520752,30.235771179199
1747794170,"2025-05-21 02:22:50",B5740,CZ3401,1554.48,345.6,21,103.81105041504,30.248336791992
1747794185,"2025-05-21 02:23:05",B5740,CZ3401,1554.48,340.768,22,103.8161315918,30.259649276733
1747794200,"2025-05-21 02:23:20",B5740,CZ3401,1562.1,342,22,103.8219833374,30.272232055664
1747794215,"2025-05-21 02:23:35",B5740,CZ3401,1562.1,342,22,103.82747650146,30.283950805664
1747794230,"2025-05-21 02:23:50",B5740,CZ3401,1562.1,342,21,103.83310699463,30.296010971069
1747794245,"2025-05-21 02:24:05",B5740,CZ3401,1562.1,342,21,103.83856964111,30.30793762207
1747794260,"2025-05-21 02:24:20",B5740,CZ3401,1562.1,345.6,22,103.84417724609,30.319976806641
1747794275,"2025-05-21 02:24:35",B5740,CZ3401,1562.1,345.6,21,103.84980773926,30.332273483276
1747794290,"2025-05-21 02:24:50",B5740,CZ3401,1562.1,345.6,21,103.85530090332,30.344284057617
1747794305,"2025-05-21 02:25:05",B5740,CZ3401,1546.86,349.2,21,103.86092376709,30.356369018555
1747794320,"2025-05-21 02:25:20",B5740,CZ3401,1478.28,352.8,22,103.86666870117,30.368679046631
1747794339,"2025-05-21 02:25:39",B5740,CZ3401,1394.46,352.8,21,103.8727645874,30.381853103638
1747794354,"2025-05-21 02:25:54",B5740,CZ3401,1325.88,345.6,21,103.87847900391,30.394235610962
1747794369,"2025-05-21 02:26:09",B5740,CZ3401,1249.68,342,22,103.88413238525,30.406311035156
1747794384,"2025-05-21 02:26:24",B5740,CZ3401,1188.72,331.2,21,103.88946533203,30.417837142944
1747794399,"2025-05-21 02:26:39",B5740,CZ3401,1120.14,316.8,21,103.89468383789,30.429010391235
1747794414,"2025-05-21 02:26:54",B5740,CZ3401,1051.56,306,21,103.90013122559,30.440826416016
1747794429,"2025-05-21 02:27:09",B5740,CZ3401,990.6,288,21,103.90492248535,30.451171875
1747794444,"2025-05-21 02:27:24",B5740,CZ3401,929.64,288,22,103.90968322754,30.461456298828
1747794459,"2025-05-21 02:27:39",B5740,CZ3401,868.68,298.8,22,103.91445159912,30.471542358398
1747794474,"2025-05-21 02:27:54",B5740,CZ3401,807.72,302.4,21,103.91941070557,30.48225402832
1747794489,"2025-05-21 02:28:09",B5740,CZ3401,807.72,298.8,21,103.92393493652,30.492095947266
1747794504,"2025-05-21 02:28:24",B5740,CZ3401,685.8,298.8,21,103.92879486084,30.50260925293
1747794519,"2025-05-21 02:28:39",B5740,CZ3401,624.84,298.8,21,103.93335723877,30.512384414673
1747794534,"2025-05-21 02:28:54",B5740,CZ3401,563.88,298.8,21,103.9384765625,30.523315429688
1747794545,"2025-05-21 02:29:05",B5740,CZ3401,548.64,248.4,22,103.9415435791,30.52995300293
1747794563,"2025-05-21 02:29:23",B5740,CZ3401,548.64,100.8,22,103.94534301758,30.538078308105
1747794577,"2025-05-21 02:29:37",B5740,CZ3401,548.64,64.8,11,103.94615936279,30.540023803711
1747794590,"2025-05-21 02:29:50",B5740,CZ3401,548.64,39.6,351,103.94619750977,30.541877746582
1747794603,"2025-05-21 02:30:03",B5740,CZ3401,548.64,28.8,351,103.94597625732,30.54317855835
1747794617,"2025-05-21 02:30:17",B5740,CZ3401,548.64,21.6,0,103.94589233398,30.543947219849
1747794632,"2025-05-21 02:30:32",B5740,CZ3401,548.64,25.2,22,103.94626617432,30.544910430908
1747794646,"2025-05-21 02:30:46",B5740,CZ3401,548.64,28.8,22,103.94660949707,30.545623779297
1747794658,"2025-05-21 02:30:58",B5740,CZ3401,548.64,32.4,22,103.9471282959,30.546764373779
1747794673,"2025-05-21 02:31:13",B5740,CZ3401,548.64,21.6,22,103.94753265381,30.547634124756
1747794686,"2025-05-21 02:31:26",B5740,CZ3401,548.64,14.4,5,103.94769287109,30.548057556152
1747794701,"2025-05-21 02:31:41",B5740,CZ3401,548.64,18,292,103.94695281982,30.5485496521
1747794718,"2025-05-21 02:31:58",B5740,CZ3401,548.64,21.6,337,103.94637298584,30.549196243286
1747794739,"2025-05-21 02:32:19",B5740,CZ3401,548.64,32.4,337,103.94609832764,30.549755096436
1747794744,"2025-05-21 02:32:24",B5740,CZ3401,548.64,36,337,103.94542694092,30.551094055176
1747794756,"2025-05-21 02:32:36",B5740,CZ3401,548.64,43.2,334,103.9448928833,30.552131652832
1747794774,"2025-05-21 02:32:54",B5740,CZ3401,548.64,43.2,337,103.94407653809,30.553802490234
1747794789,"2025-05-21 02:33:09",B5740,CZ3401,548.64,43.2,337,103.94322967529,30.555480957031
1747794808,"2025-05-21 02:33:28",B5740,CZ3401,548.64,25.2,337,103.94245910645,30.557016372681
1747794822,"2025-05-21 02:33:42",B5740,CZ3401,548.64,18,343,103.94219207764,30.557647705078
1747794837,"2025-05-21 02:33:57",B5740,CZ3401,548.64,18,0,103.9421005249,30.558460235596
1747794848,"2025-05-21 02:34:08",B5740,CZ3401,548.64,21.6,14,103.94219970703,30.558986663818
1747794862,"2025-05-21 02:34:22",B5740,CZ3401,548.64,28.8,22,103.94261169434,30.559915542603
1747794875,"2025-05-21 02:34:35",B5740,CZ3401,548.64,39.6,22,103.94317626953,30.561124801636
1747794890,"2025-05-21 02:34:50",B5740,CZ3401,548.64,43.2,22,103.94388580322,30.562673568726
1747794905,"2025-05-21 02:35:05",B5740,CZ3401,548.64,43.2,22,103.94458770752,30.5641746521
1747794920,"2025-05-21 02:35:20",B5740,CZ3401,548.64,46.8,22,103.94536590576,30.565853118896
1747794935,"2025-05-21 02:35:35",B5740,CZ3401,548.64,36,22,103.94610595703,30.567420959473
1747794949,"2025-05-21 02:35:49",B5740,CZ3401,548.64,21.6,22,103.94649505615,30.568256378174
1747794962,"2025-05-21 02:36:02",B5740,CZ3401,548.64,18,14,103.94671630859,30.568794250488
1747794974,"2025-05-21 02:36:14",B5740,CZ3401,548.64,14.4,11,103.9468536377,30.569387435913
1747794995,"2025-05-21 02:36:35",B5740,CZ3401,548.64,14.4,19,103.94707489014,30.570167541504
1747795008,"2025-05-21 02:36:48",B5740,CZ3401,548.64,25.2,22,103.94738006592,30.570831298828
1747795019,"2025-05-21 02:36:59",B5740,CZ3401,548.64,32.4,22,103.94774627686,30.571634292603
1747795035,"2025-05-21 02:37:15",B5740,CZ3401,548.64,36,22,103.94836425781,30.572925567627
1747795050,"2025-05-21 02:37:30",B5740,CZ3401,548.64,36,22,103.94889068604,30.574069976807
1747795075,"2025-05-21 02:37:55",B5740,CZ3401,548.64,46.8,22,103.94923400879,30.574823379517
1747795141,"2025-05-21 02:39:01",B5740,CZ3401,548.64,32.4,22,103.94923400879,30.574823379517
1747795185,"2025-05-21 02:39:45",B5740,CZ3401,548.64,21.6,22,103.94923400879,30.574823379517
1747795203,"2025-05-21 02:40:03",B5740,CZ3401,548.64,10.8,295,103.95459747314,30.586320877075
1747795256,"2025-05-21 02:40:56",B5740,CZ3401,548.64,14.4,22,103.95459747314,30.586320877075
1747795273,"2025-05-21 02:41:13",B5740,CZ3401,548.64,7.2,70,103.95498657227,30.58881187439
1747795295,"2025-05-21 02:41:35",B5740,CZ3401,548.64,3.6,112,103.95502471924,30.588800430298
1747795300,"2025-05-21 02:41:40",B5740,CZ3401,548.64,3.6,112,103.95552062988,30.588649749756
