dataTime,locType,longitude,latitude,heading,accuracy,speed,distance,isBackForeground,stepType,altitude
1747787635,1,113.28704833984,23.390029907227,0,14,287.06,0,0,0,53.34
1747787650,1,113.28395080566,23.378719329834,0,14,298.172,0,0,0,220.98
1747787670,1,113.27928161621,23.365539550781,0,14,303.728,0,0,0,426.72
1747787681,1,113.27548217773,23.359180450439,0,14,300.024,0,0,0,556.26
1747787695,1,113.26954650879,23.349670410156,0,14,287.06,0,0,0,731.52
1747787710,1,113.26329803467,23.339679718018,0,14,285.208,0,0,0,883.92
1747787725,1,113.25705718994,23.329929351807,0,14,301.876,0,0,0,990.6
1747787740,1,113.24768066406,23.321599960327,0,14,329.656,0,0,0,1074.42
1747787755,1,113.23491668701,23.316293716431,0,14,357.436,0,0,0,1173.48
1747787770,1,113.21920013428,23.315410614014,0,14,398.18,0,0,0,1242.06
1747787785,1,113.20252990723,23.321460723877,0,14,440.776,0,0,0,1325.88
1747787800,1,113.18852996826,23.332349777222,0,14,477.816,0,0,0,1424.94
1747787815,1,113.17337036133,23.344409942627,0,14,503.744,0,0,0,1554.48
1747787835,1,113.15531158447,23.359119415283,0,14,514.856,0,0,0,1722.12
1747787850,1,113.13871002197,23.373279571533,0,14,522.264,0,0,0,1859.28
1747787865,1,113.12197875977,23.386869430542,0,14,525.968,0,0,0,1981.2
1747787879,1,113.10674285889,23.398969650269,0,14,522.264,0,0,0,2087.88
1747787894,1,113.09015655518,23.414150238037,0,14,531.524,0,0,0,2232.66
1747787909,1,113.08110809326,23.434349060059,0,14,548.192,0,0,0,2438.4
1747787924,1,113.08009338379,23.454650878906,0,14,557.452,0,0,0,2621.28
1747787935,1,113.08013153076,23.468490600586,0,14,561.156,0,0,0,2743.2
1747787949,1,113.08003234863,23.489910125732,0,14,564.86,0,0,0,2926.08
1747787964,1,113.07987976074,23.506072998047,0,14,570.416,0,0,0,3055.62
1747787979,1,113.07972717285,23.527080535889,0,14,592.64,0,0,0,3177.54
1747787994,1,113.07947540283,23.550064086914,0,14,620.42,0,0,0,3261.36
1747788009,1,113.07922363281,23.574188232422,0,14,648.2,0,0,0,3345.18
1747788024,1,113.07907104492,23.599319458008,0,14,659.312,0,0,0,3505.2
1747788039,1,113.07891845703,23.623950958252,0,14,666.72,0,0,0,3680.46
1747788054,1,113.07869720459,23.650630950928,0,14,672.276,0,0,0,3870.96
1747788069,1,113.07810211182,23.679569244385,0,14,670.424,0,0,0,4091.94
1747788089,1,113.07273864746,23.707609176636,0,14,659.312,0,0,0,4343.4
1747788104,1,113.06335449219,23.73161315918,0,14,659.312,0,0,0,4541.52
1747788119,1,113.05159759521,23.7555103302,0,14,666.72,0,0,0,4724.4
1747788134,1,113.04081726074,23.777479171753,0,14,674.128,0,0,0,4892.04
1747788149,1,113.02941894531,23.800720214844,0,14,681.536,0,0,0,5059.68
1747788164,1,113.01696777344,23.826095581055,0,14,688.944,0,0,0,5257.8
1747788179,1,113.00501251221,23.850357055664,0,14,692.648,0,0,0,5425.44
1747788194,1,112.99365997314,23.873384475708,0,14,701.908,0,0,0,5562.6
1747788209,1,112.98111724854,23.898710250854,0,14,711.168,0,0,0,5722.62
1747788224,1,112.96878051758,23.923849105835,0,14,718.576,0,0,0,5890.26
1747788239,1,112.95598602295,23.949645996094,0,14,725.984,0,0,0,6042.66
1747788254,1,112.94364929199,23.974639892578,0,14,729.688,0,0,0,6202.68
1747788269,1,112.93283843994,23.996429443359,0,14,740.8,0,0,0,6309.36
1747788284,1,112.92018127441,24.021970748901,0,14,757.468,0,0,0,6408.42
1747788299,1,112.9068069458,24.049165725708,0,14,770.432,0,0,0,6530.34
1747788319,1,112.88746643066,24.088300704956,0,14,781.544,0,0,0,6690.36
1747788334,1,112.87680053711,24.109920501709,0,14,787.1,0,0,0,6797.04
1747788349,1,112.86276245117,24.138410568237,0,14,790.804,0,0,0,6941.82
1747788364,1,112.85011291504,24.169319152832,0,14,796.36,0,0,0,7078.98
1747788379,1,112.84244537354,24.192314147949,0,14,800.064,0,0,0,7132.32
1747788394,1,112.83285522461,24.220943450928,0,14,796.36,0,0,0,7200.9
1747788409,1,112.82328033447,24.249435424805,0,14,794.508,0,0,0,7200.9
1747788424,1,112.81423187256,24.276489257812,0,14,794.508,0,0,0,7193.28
1747788439,1,112.8044128418,24.305879592896,0,14,794.508,0,0,0,7193.28
1747788454,1,112.79347991943,24.338520050049,0,14,794.508,0,0,0,7193.28
1747788469,1,112.78424835205,24.366233825684,0,14,794.508,0,0,0,7200.9
1747788484,1,112.77378845215,24.397569656372,0,14,792.656,0,0,0,7284.72
1747788499,1,112.7640914917,24.425540924072,0,14,792.656,0,0,0,7360.92
1747788519,1,112.74388122559,24.456960678101,0,14,788.952,0,0,0,7475.22
1747788534,1,112.72232055664,24.475980758667,0,14,785.248,0,0,0,7589.52
1747788559,1,112.67422485352,24.495927810669,0,14,783.396,0,0,0,7780.02
1747788573,1,112.63541412354,24.500581741333,0,14,788.952,0,0,0,7917.18
1747788594,1,112.59229278564,24.505191802979,0,14,790.804,0,0,0,8069.58
1747788608,1,112.56845855713,24.507610321045,0,14,790.804,0,0,0,8153.4
1747788622,1,112.5366897583,24.510780334473,0,14,790.804,0,0,0,8275.32
1747788636,1,112.50031280518,24.514221191406,0,14,796.36,0,0,0,8389.62
1747788651,1,112.47393035889,24.516689300537,0,14,800.064,0,0,0,8420.1
1747788662,1,112.45223999023,24.518739700317,0,14,801.916,0,0,0,8420.1
1747788681,1,112.40904998779,24.5227394104,0,14,803.768,0,0,0,8412.48
1747788696,1,112.37314605713,24.526062011719,0,14,805.62,0,0,0,8412.48
1747788721,1,112.32141876221,24.531097412109,0,14,811.176,0,0,0,8412.48
1747788736,1,112.28357696533,24.534713745117,0,14,814.88,0,0,0,8412.48
1747788756,1,112.24560546875,24.538242340088,0,14,814.88,0,0,0,8412.48
1747788771,1,112.20896911621,24.541688919067,0,14,814.88,0,0,0,8412.48
1747788791,1,112.16667938232,24.545597076416,0,14,818.584,0,0,0,8412.48
1747788806,1,112.12837982178,24.54913520813,0,14,816.732,0,0,0,8412.48
1747788821,1,112.09396362305,24.552429199219,0,14,818.584,0,0,0,8412.48
1747788836,1,112.060546875,24.555633544922,0,14,816.732,0,0,0,8412.48
1747788856,1,112.02131652832,24.559331893921,0,14,814.88,0,0,0,8412.48
1747788867,1,111.99820709229,24.561473846436,0,14,814.88,0,0,0,8412.48
1747788879,1,111.97174072266,24.56396484375,0,14,811.176,0,0,0,8412.48
1747788894,1,111.9390335083,24.566986083984,0,14,809.324,0,0,0,8412.48
1747788909,1,111.8971786499,24.570877075195,0,14,807.472,0,0,0,8412.48
1747788924,1,111.86376190186,24.573944091797,0,14,807.472,0,0,0,8412.48
1747788943,1,111.82479858398,24.577560424805,0,14,807.472,0,0,0,8412.48
1747788957,1,111.79229736328,24.580581665039,0,14,807.472,0,0,0,8412.48
1747788972,1,111.76376342773,24.583213806152,0,14,807.472,0,0,0,8412.48
1747788987,1,111.73271942139,24.586051940918,0,14,807.472,0,0,0,8412.48
1747789020,1,111.6541519165,24.593399047852,0,14,807.472,0,0,0,8412.48
1747789049,1,111.59597015381,24.598754882812,0,14,809.324,0,0,0,8412.48
1747789064,1,111.56133270264,24.601867675781,0,14,809.324,0,0,0,8412.48
1747789079,1,111.52841949463,24.604843139648,0,14,811.176,0,0,0,8412.48
1747789094,1,111.49671936035,24.607698440552,0,14,809.324,0,0,0,8412.48
1747789109,1,111.46292877197,24.610771179199,0,14,811.176,0,0,0,8412.48
1747789124,1,111.4301071167,24.613677978516,0,14,811.176,0,0,0,8412.48
1747789139,1,111.39530181885,24.616823196411,0,14,811.176,0,0,0,8412.48
1747789156,1,111.35109710693,24.620733261108,0,14,811.176,0,0,0,8412.48
1747789171,1,111.32888793945,24.622695922852,0,14,811.176,0,0,0,8412.48
1747789186,1,111.29300689697,24.625900268555,0,14,811.176,0,0,0,8412.48
1747789201,1,111.25963592529,24.628833770752,0,14,809.324,0,0,0,8412.48
1747789217,1,111.22693634033,24.631673812866,0,14,811.176,0,0,0,8412.48
1747789231,1,111.19323730469,24.634552001953,0,14,811.176,0,0,0,8412.48
1747789246,1,111.16024017334,24.637493133545,0,14,809.324,0,0,0,8412.48
1747789261,1,111.12717437744,24.640331268311,0,14,809.324,0,0,0,8412.48
1747789276,1,111.09395599365,24.643157958984,0,14,809.324,0,0,0,8412.48
1747789291,1,111.06084442139,24.645950317383,0,14,809.324,0,0,0,8412.48
1747789306,1,111.02798461914,24.64875793457,0,14,811.176,0,0,0,8412.48
1747789322,1,110.99420928955,24.651626586914,0,14,811.176,0,0,0,8412.48
1747789336,1,110.96008300781,24.654556274414,0,14,811.176,0,0,0,8412.48
1747789351,1,110.92802429199,24.657276153564,0,14,811.176,0,0,0,8412.48
1747789366,1,110.89533233643,24.660049438477,0,14,813.028,0,0,0,8412.48
1747789381,1,110.86122131348,24.662910461426,0,14,814.88,0,0,0,8412.48
1747789396,1,110.82870483398,24.665679931641,0,14,814.88,0,0,0,8412.48
1747789411,1,110.79584503174,24.672180175781,0,14,814.88,0,0,0,8412.48
1747789426,1,110.7657699585,24.685394287109,0,14,814.88,0,0,0,8412.48
1747789441,1,110.73970031738,24.705598831177,0,14,820.436,0,0,0,8412.48
1747789457,1,110.72046661377,24.731300354004,0,14,824.14,0,0,0,8412.48
1747789471,1,110.70202636719,24.756759643555,0,14,822.288,0,0,0,8412.48
1747789486,1,110.68285369873,24.782176971436,0,14,822.288,0,0,0,8412.48
1747789501,1,110.6635055542,24.807540893555,0,14,820.436,0,0,0,8412.48
1747789512,1,110.6506652832,24.824306488037,0,14,820.436,0,0,0,8412.48
1747789526,1,110.63146209717,24.848789215088,0,14,820.436,0,0,0,8412.48
1747789540,1,110.61767578125,24.865264892578,0,14,820.436,0,0,0,8412.48
1747789552,1,110.59534454346,24.889755249023,0,14,818.584,0,0,0,8412.48
1747789566,1,110.57355499268,24.912010192871,0,14,818.584,0,0,0,8412.48
1747789581,1,110.5500793457,24.93489074707,0,14,818.584,0,0,0,8412.48
1747789597,1,110.52728271484,24.956655502319,0,14,818.584,0,0,0,8412.48
1747789611,1,110.50359344482,24.978973388672,0,14,820.436,0,0,0,8412.48
1747789626,1,110.47986602783,25.001111984253,0,14,820.436,0,0,0,8412.48
1747789641,1,110.4563369751,25.023038864136,0,14,822.288,0,0,0,8412.48
1747789656,1,110.43223571777,25.045568466187,0,14,822.288,0,0,0,8412.48
1747789671,1,110.40883636475,25.067459106445,0,14,820.436,0,0,0,8412.48
1747789687,1,110.38507843018,25.089797973633,0,14,822.288,0,0,0,8412.48
1747789701,1,110.36165618896,25.111766815186,0,14,824.14,0,0,0,8412.48
1747789716,1,110.33797454834,25.134111404419,0,14,829.696,0,0,0,8412.48
1747789731,1,110.31449890137,25.156223297119,0,14,829.696,0,0,0,8412.48
1747789742,1,110.29871368408,25.171096801758,0,14,829.696,0,0,0,8412.48
1747789756,1,110.27490234375,25.193698883057,0,14,829.696,0,0,0,8412.48
1747789771,1,110.25101470947,25.216369628906,0,14,831.548,0,0,0,8412.48
1747789786,1,110.22679901123,25.2392578125,0,14,831.548,0,0,0,8412.48
1747789801,1,110.20328521729,25.261665344238,0,14,833.4,0,0,0,8412.48
1747789816,1,110.17964935303,25.284301757812,0,14,833.4,0,0,0,8412.48
1747789831,1,110.1559753418,25.306913375854,0,14,833.4,0,0,0,8412.48
1747789846,1,110.1323928833,25.329391479492,0,14,835.252,0,0,0,8412.48
1747789861,1,110.10828399658,25.352416992188,0,14,835.252,0,0,0,8412.48
1747789876,1,110.08432769775,25.375350952148,0,14,835.252,0,0,0,8412.48
1747789891,1,110.06025695801,25.398389816284,0,14,837.104,0,0,0,8412.48
1747789906,1,110.03677368164,25.420761108398,0,14,837.104,0,0,0,8412.48
1747789921,1,110.01289367676,25.443450927734,0,14,838.956,0,0,0,8412.48
1747789936,1,109.98905181885,25.466121673584,0,14,838.956,0,0,0,8412.48
1747789951,1,109.96129608154,25.492492675781,0,14,838.956,0,0,0,8412.48
1747789966,1,109.93789672852,25.514650344849,0,14,840.808,0,0,0,8412.48
1747789981,1,109.91246032715,25.538789749146,0,14,842.66,0,0,0,8412.48
1747789996,1,109.88677978516,25.563079833984,0,14,842.66,0,0,0,8412.48
1747790011,1,109.86328125,25.585372924805,0,14,844.512,0,0,0,8412.48
1747790026,1,109.83918762207,25.608200073242,0,14,844.512,0,0,0,8412.48
1747790041,1,109.81275177002,25.628171920776,0,14,842.66,0,0,0,8412.48
1747790061,1,109.77935791016,25.642044067383,0,14,840.808,0,0,0,8412.48
1747790076,1,109.74527740479,25.652297973633,0,14,844.512,0,0,0,8412.48
1747790091,1,109.71278381348,25.662090301514,0,14,842.66,0,0,0,8412.48
1747790106,1,109.67946624756,25.672210693359,0,14,844.512,0,0,0,8412.48
1747790121,1,109.639793396,25.68438911438,0,14,844.512,0,0,0,8412.48
1747790136,1,109.6065826416,25.694599151611,0,14,846.364,0,0,0,8412.48
1747790151,1,109.57335662842,25.7047996521,0,14,846.364,0,0,0,8412.48
1747790166,1,109.53742218018,25.715879440308,0,14,846.364,0,0,0,8412.48
1747790181,1,109.51326751709,25.723320007324,0,14,846.364,0,0,0,8412.48
1747790196,1,109.48000335693,25.733560562134,0,14,846.364,0,0,0,8412.48
1747790211,1,109.44492340088,25.744365692139,0,14,848.216,0,0,0,8412.48
1747790226,1,109.40795898438,25.755800247192,0,14,846.364,0,0,0,8412.48
1747790241,1,109.37283325195,25.766710281372,0,14,846.364,0,0,0,8412.48
1747790256,1,109.33792114258,25.777629852295,0,14,848.216,0,0,0,8412.48
1747790271,1,109.30374145508,25.788389205933,0,14,848.216,0,0,0,8412.48
1747790286,1,109.2797088623,25.79594039917,0,14,848.216,0,0,0,8412.48
1747790301,1,109.2469329834,25.806200027466,0,14,850.068,0,0,0,8412.48
1747790316,1,109.21389770508,25.816568374634,0,14,850.068,0,0,0,8412.48
1747790331,1,109.18060302734,25.82698059082,0,14,851.92,0,0,0,8412.48
1747790346,1,109.14579772949,25.837779998779,0,14,853.772,0,0,0,8412.48
1747790361,1,109.11185455322,25.84831237793,0,14,853.772,0,0,0,8412.48
1747790376,1,109.08003234863,25.858325958252,0,14,853.772,0,0,0,8412.48
1747790391,1,109.04630279541,25.868911743164,0,14,857.476,0,0,0,8412.48
1747790406,1,109.01226043701,25.879619598389,0,14,857.476,0,0,0,8412.48
1747790421,1,108.97918701172,25.88969039917,0,14,857.476,0,0,0,8412.48
1747790436,1,108.94465637207,25.896869659424,0,14,857.476,0,0,0,8412.48
1747790451,1,108.90953063965,25.901943206787,0,14,857.476,0,0,0,8412.48
1747790466,1,108.87399291992,25.907043457031,0,14,855.624,0,0,0,8412.48
1747790481,1,108.83849334717,25.912189483643,0,14,857.476,0,0,0,8412.48
1747790496,1,108.80393218994,25.917251586914,0,14,855.624,0,0,0,8412.48
1747790511,1,108.76840209961,25.922521591187,0,14,857.476,0,0,0,8412.48
1747790526,1,108.73348236084,25.927734375,0,14,859.328,0,0,0,8412.48
1747790542,1,108.69826507568,25.932952880859,0,14,857.476,0,0,0,8412.48
1747790556,1,108.66255187988,25.938348770142,0,14,855.624,0,0,0,8412.48
1747790571,1,108.62789154053,25.943756103516,0,14,855.624,0,0,0,8412.48
1747790586,1,108.59296417236,25.949615478516,0,14,855.624,0,0,0,8412.48
1747790601,1,108.55844116211,25.956735610962,0,14,855.624,0,0,0,8412.48
1747790616,1,108.52363586426,25.96395111084,0,14,853.772,0,0,0,8412.48
1747790631,1,108.48993682861,25.970859527588,0,14,851.92,0,0,0,8412.48
1747790646,1,108.45475769043,25.977918624878,0,14,846.364,0,0,0,8412.48
1747790661,1,108.42121887207,25.98438835144,0,14,829.696,0,0,0,8412.48
1747790676,1,108.3881072998,25.990631103516,0,14,816.732,0,0,0,8412.48
1747790691,1,108.35446166992,25.996959686279,0,14,811.176,0,0,0,8412.48
1747790706,1,108.32167053223,26.003219604492,0,14,809.324,0,0,0,8412.48
1747790721,1,108.28845214844,26.008899688721,0,14,807.472,0,0,0,8412.48
1747790736,1,108.25497436523,26.014434814453,0,14,807.472,0,0,0,8412.48
1747790751,1,108.22228240967,26.019649505615,0,14,811.176,0,0,0,8412.48
1747790766,1,108.18885040283,26.024869918823,0,14,811.176,0,0,0,8412.48
1747790781,1,108.15544128418,26.029779434204,0,14,811.176,0,0,0,8412.48
1747790796,1,108.12226867676,26.03359413147,0,14,798.212,0,0,0,8412.48
1747790811,1,108.09052276611,26.036853790283,0,14,785.248,0,0,0,8412.48
1747790826,1,108.05825042725,26.039880752563,0,14,777.84,0,0,0,8412.48
1747790841,1,108.02587127686,26.038160324097,0,14,774.136,0,0,0,8412.48
1747790852,1,108.00437164307,26.036108016968,0,14,772.284,0,0,0,8412.48
1747790866,1,107.97220611572,26.032011032104,0,14,770.432,0,0,0,8412.48
1747790881,1,107.94114685059,26.027959823608,0,14,770.432,0,0,0,8412.48
1747790896,1,107.90917205811,26.023679733276,0,14,768.58,0,0,0,8412.48
1747790911,1,107.87766265869,26.019535064697,0,14,768.58,0,0,0,8412.48
1747790926,1,107.84602355957,26.015439987183,0,14,768.58,0,0,0,8412.48
1747790941,1,107.8150177002,26.011339187622,0,14,770.432,0,0,0,8412.48
1747790956,1,107.78240966797,26.006881713867,0,14,770.432,0,0,0,8412.48
1747790972,1,107.75169372559,26.002540588379,0,14,770.432,0,0,0,8412.48
1747790986,1,107.71933746338,25.997909545898,0,14,768.58,0,0,0,8412.48
1747791001,1,107.68741607666,25.996536254883,0,14,763.024,0,0,0,8412.48
1747791016,1,107.6566696167,25.999799728394,0,14,761.172,0,0,0,8412.48
1747791031,1,107.62445068359,26.003335952759,0,14,761.172,0,0,0,8412.48
1747791046,1,107.59398651123,26.008346557617,0,14,759.32,0,0,0,8412.48
1747791061,1,107.56423950195,26.016952514648,0,14,757.468,0,0,0,8412.48
1747791075,1,107.53392028809,26.025741577148,0,14,755.616,0,0,0,8412.48
1747791090,1,107.50518035889,26.036853790283,0,14,755.616,0,0,0,8412.48
1747791105,1,107.47734832764,26.050399780273,0,14,753.764,0,0,0,8412.48
1747791120,1,107.45038604736,26.063507080078,0,14,755.616,0,0,0,8412.48
1747791135,1,107.42204284668,26.077167510986,0,14,753.764,0,0,0,8412.48
1747791150,1,107.39421081543,26.090574264526,0,14,753.764,0,0,0,8412.48
1747791165,1,107.36647796631,26.103879928589,0,14,753.764,0,0,0,8412.48
1747791180,1,107.33981323242,26.116640090942,0,14,751.912,0,0,0,8412.48
1747791195,1,107.31181335449,26.130004882812,0,14,751.912,0,0,0,8412.48
1747791210,1,107.28429412842,26.143203735352,0,14,751.912,0,0,0,8412.48
1747791225,1,107.25635528564,26.156539916992,0,14,751.912,0,0,0,8412.48
1747791240,1,107.22920227051,26.169389724731,0,14,751.912,0,0,0,8412.48
1747791252,1,107.21060180664,26.178085327148,0,14,750.06,0,0,0,8412.48
1747791265,1,107.18229675293,26.19126701355,0,14,757.468,0,0,0,8412.48
1747791280,1,107.15380096436,26.204681396484,0,14,770.432,0,0,0,8412.48
1747791295,1,107.12531280518,26.218173980713,0,14,777.84,0,0,0,8412.48
1747791310,1,107.09662628174,26.231767654419,0,14,775.988,0,0,0,8412.48
1747791325,1,107.06852722168,26.245080947876,0,14,777.84,0,0,0,8412.48
1747791341,1,107.03905487061,26.258907318115,0,14,777.84,0,0,0,8412.48
1747791355,1,107.01110839844,26.272079467773,0,14,777.84,0,0,0,8412.48
1747791370,1,106.98268890381,26.285610198975,0,14,777.84,0,0,0,8412.48
1747791385,1,106.95407867432,26.299350738525,0,14,779.692,0,0,0,8412.48
1747791400,1,106.92496490479,26.313373565674,0,14,779.692,0,0,0,8412.48
1747791415,1,106.89665985107,26.327087402344,0,14,779.692,0,0,0,8412.48
1747791430,1,106.86820983887,26.340869903564,0,14,779.692,0,0,0,8412.48
1747791441,1,106.84896087646,26.351219177246,0,14,783.396,0,0,0,8412.48
1747791455,1,106.82386779785,26.369375228882,0,14,783.396,0,0,0,8412.48
1747791470,1,106.79820251465,26.388414382935,0,14,781.544,0,0,0,8412.48
1747791485,1,106.77317047119,26.407012939453,0,14,781.544,0,0,0,8412.48
1747791500,1,106.74782562256,26.42578125,0,14,779.692,0,0,0,8412.48
1747791515,1,106.72319793701,26.444137573242,0,14,781.544,0,0,0,8412.48
1747791530,1,106.69763183594,26.462991714478,0,14,779.692,0,0,0,8412.48
1747791545,1,106.6731262207,26.481100082397,0,14,781.544,0,0,0,8412.48
1747791556,1,106.65631103516,26.493896484375,0,14,783.396,0,0,0,8412.48
1747791567,1,106.64170074463,26.508380889893,0,14,787.1,0,0,0,8412.48
1747791580,1,106.62030792236,26.531423568726,0,14,788.952,0,0,0,8412.48
1747791595,1,106.59915161133,26.554046630859,0,14,788.952,0,0,0,8412.48
1747791610,1,106.57763671875,26.576839447021,0,14,790.804,0,0,0,8412.48
1747791625,1,106.5565032959,26.599018096924,0,14,788.952,0,0,0,8412.48
1747791636,1,106.54209136963,26.614149093628,0,14,790.804,0,0,0,8412.48
1747791650,1,106.52042388916,26.637237548828,0,14,788.952,0,0,0,8412.48
1747791665,1,106.4997177124,26.659299850464,0,14,790.804,0,0,0,8412.48
1747791680,1,106.47752380371,26.682500839233,0,14,790.804,0,0,0,8412.48
1747791695,1,106.45638275146,26.705249786377,0,14,787.1,0,0,0,8412.48
1747791710,1,106.43581390381,26.727735519409,0,14,788.952,0,0,0,8412.48
1747791725,1,106.414894104,26.750545501709,0,14,794.508,0,0,0,8412.48
1747791740,1,106.39424133301,26.774047851562,0,14,796.36,0,0,0,8412.48
1747791755,1,106.37393188477,26.797529220581,0,14,796.36,0,0,0,8412.48
1747791766,1,106.36025238037,26.813320159912,0,14,798.212,0,0,0,8412.48
1747791780,1,106.33910369873,26.837411880493,0,14,798.212,0,0,0,8412.48
1747791795,1,106.31837463379,26.860656738281,0,14,800.064,0,0,0,8412.48
1747791810,1,106.29705810547,26.88429069519,0,14,800.064,0,0,0,8412.48
1747791825,1,106.27587890625,26.907709121704,0,14,801.916,0,0,0,8412.48
1747791841,1,106.25501251221,26.930749893188,0,14,800.064,0,0,0,8412.48
1747791855,1,106.23415374756,26.953840255737,0,14,801.916,0,0,0,8412.48
1747791870,1,106.21229553223,26.977981567383,0,14,803.768,0,0,0,8412.48
1747791886,1,106.19100189209,27.001550674438,0,14,805.62,0,0,0,8412.48
1747791900,1,106.1700592041,27.024719238281,0,14,807.472,0,0,0,8412.48
1747791915,1,106.14778900146,27.049457550049,0,14,807.472,0,0,0,8412.48
1747791930,1,106.12787628174,27.071594238281,0,14,807.472,0,0,0,8412.48
1747791945,1,106.10632324219,27.095489501953,0,14,809.324,0,0,0,8412.48
1747791960,1,106.08541107178,27.118770599365,0,14,807.472,0,0,0,8412.48
1747791975,1,106.06294250488,27.143783569336,0,14,811.176,0,0,0,8412.48
1747791990,1,106.04216003418,27.166849136353,0,14,811.176,0,0,0,8412.48
1747792005,1,106.02139282227,27.189859390259,0,14,811.176,0,0,0,8412.48
1747792020,1,105.99968719482,27.213930130005,0,14,813.028,0,0,0,8412.48
1747792035,1,105.97696685791,27.239040374756,0,14,813.028,0,0,0,8412.48
1747792050,1,105.95484161377,27.263597488403,0,14,814.88,0,0,0,8412.48
1747792065,1,105.9331817627,27.287567138672,0,14,818.584,0,0,0,8412.48
1747792080,1,105.91136169434,27.31164932251,0,14,820.436,0,0,0,8412.48
1747792095,1,105.88903045654,27.335800170898,0,14,818.584,0,0,0,8412.48
1747792110,1,105.8662109375,27.356929779053,0,14,820.436,0,0,0,8412.48
1747792125,1,105.84187316895,27.378980636597,0,14,822.288,0,0,0,8412.48
1747792140,1,105.81684112549,27.401639938354,0,14,824.14,0,0,0,8412.48
1747792155,1,105.7926864624,27.423500061035,0,14,825.992,0,0,0,8412.48
1747792170,1,105.76864624023,27.445310592651,0,14,827.844,0,0,0,8412.48
1747792181,1,105.75132751465,27.461029052734,0,14,827.844,0,0,0,8412.48
1747792198,1,105.7274017334,27.482759475708,0,14,829.696,0,0,0,8412.48
1747792210,1,105.70143127441,27.506290435791,0,14,827.844,0,0,0,8412.48
1747792225,1,105.676612854,27.528760910034,0,14,825.992,0,0,0,8412.48
1747792236,1,105.6604385376,27.543319702148,0,14,825.992,0,0,0,8412.48
1747792250,1,105.63597869873,27.565380096436,0,14,825.992,0,0,0,8412.48
1747792265,1,105.61173248291,27.587230682373,0,14,825.992,0,0,0,8412.48
1747792280,1,105.58786010742,27.608739852905,0,14,827.844,0,0,0,8412.48
1747792295,1,105.56276702881,27.631269454956,0,14,827.844,0,0,0,8412.48
1747792310,1,105.53688812256,27.654539108276,0,14,827.844,0,0,0,8412.48
1747792321,1,105.51934814453,27.670320510864,0,14,827.844,0,0,0,8412.48
1747792334,1,105.50057220459,27.687240600586,0,14,827.844,0,0,0,8412.48
1747792349,1,105.47559356689,27.709669113159,0,14,829.696,0,0,0,8412.48
1747792366,1,105.4493637085,27.733215332031,0,14,829.696,0,0,0,8412.48
1747792379,1,105.42387390137,27.756225585938,0,14,829.696,0,0,0,8412.48
1747792394,1,105.3985824585,27.778930664062,0,14,829.696,0,0,0,8412.48
1747792409,1,105.3772354126,27.798110961914,0,14,828,0,0,0,8412.48
1747792424,1,105.34906005859,27.82333946228,0,14,825.992,0,0,0,8412.48
1747792439,1,105.3246307373,27.845306396484,0,14,824.4,0,0,0,8412.48
1747792454,1,105.29972839355,27.867710113525,0,14,824.14,0,0,0,8412.48
1747792469,1,105.27545166016,27.88948059082,0,14,824.14,0,0,0,8412.48
1747792484,1,105.2512512207,27.9111328125,0,14,824.14,0,0,0,8412.48
1747792495,1,105.2350769043,27.92560005188,0,14,822.288,0,0,0,8412.48
1747792509,1,105.21687316895,27.941909790039,0,14,822.288,0,0,0,8412.48
1747792524,1,105.19069671631,27.965791702271,0,14,824.14,0,0,0,8412.48
1747792539,1,105.16826629639,27.98991394043,0,14,824.4,0,0,0,8412.48
1747792554,1,105.14945220947,28.014209747314,0,14,829.696,0,0,0,8412.48
1747792569,1,105.12935638428,28.042928695679,0,14,827.844,0,0,0,8412.48
1747792584,1,105.10932159424,28.071418762207,0,14,828,0,0,0,8412.48
1747792604,1,105.0856552124,28.105133056641,0,14,828,0,0,0,8412.48
1747792619,1,105.06770324707,28.130769729614,0,14,829.696,0,0,0,8412.48
1747792634,1,105.04725646973,28.160018920898,0,14,828,0,0,0,8412.48
1747792649,1,105.02787017822,28.187810897827,0,14,833.4,0,0,0,8412.48
1747792664,1,105.00985717773,28.213714599609,0,14,833.4,0,0,0,8412.48
1747792679,1,104.99095153809,28.240810394287,0,14,831.548,0,0,0,8412.48
1747792694,1,104.97269439697,28.266937255859,0,14,833.4,0,0,0,8412.48
1747792709,1,104.95413970947,28.29345703125,0,14,831.548,0,0,0,8412.48
1747792724,1,104.9400100708,28.313539505005,0,14,833.4,0,0,0,8412.48
1747792735,1,104.92756652832,28.331230163574,0,14,833.4,0,0,0,8412.48
1747792749,1,104.90930938721,28.35705947876,0,14,833.4,0,0,0,8412.48
1747792764,1,104.8900680542,28.384368896484,0,14,831.6,0,0,0,8412.48
1747792779,1,104.87162780762,28.410549163818,0,14,831.548,0,0,0,8412.48
1747792790,1,104.85922241211,28.428310394287,0,14,831.548,0,0,0,8412.48
1747792804,1,104.8402557373,28.455459594727,0,14,833.4,0,0,0,8412.48
1747792815,1,104.82852935791,28.472230911255,0,14,833.4,0,0,0,8412.48
1747792830,1,104.80798339844,28.501602172852,0,14,831.6,0,0,0,8412.48
1747792845,1,104.7897567749,28.527740478516,0,14,835.252,0,0,0,8404.86
1747792860,1,104.76998901367,28.556030273438,0,14,831.548,0,0,0,8321.04
1747792875,1,104.7512588501,28.582670211792,0,14,833.4,0,0,0,8130.54
1747792891,1,104.73267364502,28.609090805054,0,14,825.992,0,0,0,7978.14
1747792910,1,104.71305847168,28.636930465698,0,14,814.88,0,0,0,7810.5
1747792925,1,104.68872070312,28.671659469604,0,14,816.732,0,0,0,7604.76
1747792940,1,104.67028808594,28.697980880737,0,14,813.028,0,0,0,7444.74
1747792955,1,104.65209960938,28.723894119263,0,14,813.028,0,0,0,7292.34
1747792970,1,104.63410949707,28.749450683594,0,14,807.472,0,0,0,7132.32
1747792986,1,104.61181640625,28.781021118164,0,14,799.2,0,0,0,6941.82
1747793008,1,104.59015655518,28.811599731445,0,14,790.804,0,0,0,6758.94
1747793023,1,104.5728302002,28.835990905762,0,14,779.692,0,0,0,6606.54
1747793038,1,104.55564880371,28.860149383545,0,14,768.58,0,0,0,6454.14
1747793053,1,104.5383605957,28.884689331055,0,14,759.32,0,0,0,6294.12
1747793064,1,104.52683258057,28.901069641113,0,14,753.764,0,0,0,6195.06
1747793078,1,104.50992584229,28.925170898438,0,14,741.6,0,0,0,6035.04
1747793093,1,104.49334716797,28.948425292969,0,14,730.8,0,0,0,5882.64
1747793108,1,104.4767074585,28.971496582031,0,14,720,0,0,0,5745.48
1747793120,1,104.46592712402,28.986541748047,0,14,709.316,0,0,0,5692.14
1747793133,1,104.44982147217,29.009073257446,0,14,694.8,0,0,0,5600.7
1747793148,1,104.43420410156,29.030952453613,0,14,685.24,0,0,0,5524.5
1747793164,1,104.418800354,29.052598953247,0,14,680.4,0,0,0,5448.3
1747793178,1,104.40381622314,29.073669433594,0,14,680.4,0,0,0,5394.96
1747793194,1,104.38751220703,29.096544265747,0,14,679.684,0,0,0,5387.34
1747793208,1,104.37275695801,29.117202758789,0,14,677.832,0,0,0,5387.34
1747793219,1,104.36252593994,29.131692886353,0,14,676.8,0,0,0,5394.96
1747793233,1,104.34717559814,29.15315246582,0,14,673.2,0,0,0,5394.96
1747793248,1,104.33037567139,29.176382064819,0,14,676.8,0,0,0,5394.96
1747793263,1,104.3157119751,29.196578979492,0,14,680.4,0,0,0,5387.34
1747793278,1,104.2985458374,29.220560073853,0,14,680.4,0,0,0,5334
1747793293,1,104.28163146973,29.244302749634,0,14,684,0,0,0,5280.66
1747793308,1,104.26612091064,29.265949249268,0,14,680.4,0,0,0,5227.32
1747793323,1,104.24803161621,29.289363861084,0,14,676.8,0,0,0,5166.36
1747793338,1,104.23192596436,29.309474945068,0,14,675.98,0,0,0,5120.64
1747793354,1,104.2151260376,29.33032989502,0,14,666,0,0,0,5059.68
1747793368,1,104.19924163818,29.350070953369,0,14,672.276,0,0,0,4953
1747793383,1,104.18239593506,29.371078491211,0,14,670.424,0,0,0,4838.7
1747793398,1,104.16584777832,29.391590118408,0,14,670.424,0,0,0,4724.4
1747793413,1,104.14861297607,29.413007736206,0,14,666,0,0,0,4602.48
1747793428,1,104.13259124756,29.432876586914,0,14,658.8,0,0,0,4495.8
1747793443,1,104.11656951904,29.452716827393,0,14,651.6,0,0,0,4373.88
1747793458,1,104.10026550293,29.472885131836,0,14,648.2,0,0,0,4259.58
1747793473,1,104.08420562744,29.49284362793,0,14,644.4,0,0,0,4145.28
1747793488,1,104.06783294678,29.513076782227,0,14,644.4,0,0,0,4030.98
1747793503,1,104.05193328857,29.532623291016,0,14,648,0,0,0,3931.92
1747793518,1,104.03589630127,29.552480697632,0,14,648.2,0,0,0,3870.96
1747793533,1,104.02474975586,29.566303253174,0,14,648,0,0,0,3832.86
1747793548,1,104.00814819336,29.587005615234,0,14,651.6,0,0,0,3779.52
1747793563,1,103.99254608154,29.60657119751,0,14,655.2,0,0,0,3733.8
1747793578,1,103.97541809082,29.627986907959,0,14,651.6,0,0,0,3672.84
1747793593,1,103.9568939209,29.650842666626,0,14,648,0,0,0,3611.8801
1747793607,1,103.94030761719,29.671232223511,0,14,648,0,0,0,3558.54
1747793622,1,103.92420196533,29.690971374512,0,14,640.8,0,0,0,3505.2
1747793633,1,103.91358947754,29.704006195068,0,14,637.2,0,0,0,3467.1
1747793648,1,103.89921569824,29.723789215088,0,14,619.2,0,0,0,3398.52
1747793662,1,103.89011383057,29.745389938354,0,14,601.2,0,0,0,3337.56
1747793677,1,103.88650512695,29.767135620117,0,14,579.6,0,0,0,3284.22
1747793692,1,103.88782501221,29.788696289062,0,14,568.8,0,0,0,3200.4
1747793707,1,103.89414978027,29.809585571289,0,14,561.6,0,0,0,3093.72
1747793722,1,103.90267181396,29.828384399414,0,14,558,0,0,0,3002.28
1747793738,1,103.91175842285,29.848388671875,0,14,558,0,0,0,2880.36
1747793752,1,103.92086029053,29.868194580078,0,14,554.4,0,0,0,2781.3
1747793765,1,103.92739105225,29.882354736328,0,14,554.4,0,0,0,2773.68
1747793780,1,103.93658447266,29.901945114136,0,14,554.4,0,0,0,2781.3
1747793795,1,103.9458770752,29.921684265137,0,14,547.2,0,0,0,2781.3
1747793810,1,103.95489501953,29.941131591797,0,14,547.2,0,0,0,2781.3
1747793825,1,103.96379089355,29.960227966309,0,14,543.6,0,0,0,2781.3
1747793840,1,103.97272491455,29.979629516602,0,14,540,0,0,0,2727.96
1747793855,1,103.98188018799,29.999267578125,0,14,536.4,0,0,0,2644.14
1747793870,1,103.99053955078,30.017860412598,0,14,536.4,0,0,0,2575.56
1747793885,1,103.99680328369,30.031593322754,0,14,536.4,0,0,0,2514.6
1747793900,1,104.00015258789,30.051145553589,0,14,532.8,0,0,0,2446.02
1747793915,1,103.99443054199,30.070541381836,0,14,536.4,0,0,0,2369.82
1747793930,1,103.98010253906,30.087594985962,0,14,540,0,0,0,2286
1747793945,1,103.96379089355,30.103469848633,0,14,540,0,0,0,2202.18
1747793957,1,103.95371246338,30.113250732422,0,14,525.6,0,0,0,2171.7
1747793970,1,103.93863677979,30.128082275391,0,14,507.6,0,0,0,2133.6
1747793986,1,103.92425537109,30.142227172852,0,14,486,0,0,0,2103.12
1747794000,1,103.9100112915,30.155096054077,0,14,468,0,0,0,2065.02
1747794030,1,103.87386322021,30.167945861816,0,14,421.2,0,0,0,1996.4401
1747794041,1,103.86302185059,30.171157836914,0,14,406.8,0,0,0,1965.96
1747794055,1,103.84645080566,30.176139831543,0,14,388.92,0,0,0,1920.24
1747794085,1,103.81595611572,30.185302734375,0,14,356.4,0,0,0,1859.28
1747794100,1,103.80146789551,30.191547393799,0,14,349.2,0,0,0,1866.9
1747794115,1,103.79425048828,30.202972412109,0,14,349.2,0,0,0,1828.8
1747794130,1,103.79521942139,30.215881347656,0,14,352.8,0,0,0,1714.5
1747794141,1,103.79925537109,30.223709106445,0,14,349.2,0,0,0,1668.78
1747794155,1,103.8052520752,30.235771179199,0,14,349.2,0,0,0,1592.58
1747794170,1,103.81105041504,30.248336791992,0,14,345.6,0,0,0,1554.48
1747794185,1,103.8161315918,30.259649276733,0,14,340.768,0,0,0,1554.48
1747794200,1,103.8219833374,30.272232055664,0,14,342,0,0,0,1562.1
1747794215,1,103.82747650146,30.283950805664,0,14,342,0,0,0,1562.1
1747794230,1,103.83310699463,30.296010971069,0,14,342,0,0,0,1562.1
1747794245,1,103.83856964111,30.30793762207,0,14,342,0,0,0,1562.1
1747794260,1,103.84417724609,30.319976806641,0,14,345.6,0,0,0,1562.1
1747794275,1,103.84980773926,30.332273483276,0,14,345.6,0,0,0,1562.1
1747794290,1,103.85530090332,30.344284057617,0,14,345.6,0,0,0,1562.1
1747794305,1,103.86092376709,30.356369018555,0,14,349.2,0,0,0,1546.86
1747794320,1,103.86666870117,30.368679046631,0,14,352.8,0,0,0,1478.28
1747794339,1,103.8727645874,30.381853103638,0,14,352.8,0,0,0,1394.46
1747794354,1,103.87847900391,30.394235610962,0,14,345.6,0,0,0,1325.88
1747794369,1,103.88413238525,30.406311035156,0,14,342,0,0,0,1249.68
1747794384,1,103.88946533203,30.417837142944,0,14,331.2,0,0,0,1188.72
1747794399,1,103.89468383789,30.429010391235,0,14,316.8,0,0,0,1120.14
1747794414,1,103.90013122559,30.440826416016,0,14,306,0,0,0,1051.56
1747794429,1,103.90492248535,30.451171875,0,14,288,0,0,0,990.6
1747794444,1,103.90968322754,30.461456298828,0,14,288,0,0,0,929.64
1747794459,1,103.91445159912,30.471542358398,0,14,298.8,0,0,0,868.68
1747794474,1,103.91941070557,30.48225402832,0,14,302.4,0,0,0,807.72
1747794489,1,103.92393493652,30.492095947266,0,14,298.8,0,0,0,807.72
1747794504,1,103.92879486084,30.50260925293,0,14,298.8,0,0,0,685.8
1747794519,1,103.93335723877,30.512384414673,0,14,298.8,0,0,0,624.84
1747794534,1,103.9384765625,30.523315429688,0,14,298.8,0,0,0,563.88
1747794545,1,103.9415435791,30.52995300293,0,14,248.4,0,0,0,548.64
1747794563,1,103.94534301758,30.538078308105,0,14,100.8,0,0,0,548.64
1747794577,1,103.94615936279,30.540023803711,0,14,64.8,0,0,0,548.64
1747794590,1,103.94619750977,30.541877746582,0,14,39.6,0,0,0,548.64
1747794603,1,103.94597625732,30.54317855835,0,14,28.8,0,0,0,548.64
1747794617,1,103.94589233398,30.543947219849,0,14,21.6,0,0,0,548.64
1747794632,1,103.94626617432,30.544910430908,0,14,25.2,0,0,0,548.64
1747794646,1,103.94660949707,30.545623779297,0,14,28.8,0,0,0,548.64
1747794658,1,103.9471282959,30.546764373779,0,14,32.4,0,0,0,548.64
1747794673,1,103.94753265381,30.547634124756,0,14,21.6,0,0,0,548.64
1747794686,1,103.94769287109,30.548057556152,0,14,14.4,0,0,0,548.64
1747794701,1,103.94695281982,30.5485496521,0,14,18,0,0,0,548.64
1747794718,1,103.94637298584,30.549196243286,0,14,21.6,0,0,0,548.64
1747794739,1,103.94609832764,30.549755096436,0,14,32.4,0,0,0,548.64
1747794744,1,103.94542694092,30.551094055176,0,14,36,0,0,0,548.64
1747794756,1,103.9448928833,30.552131652832,0,14,43.2,0,0,0,548.64
1747794774,1,103.94407653809,30.553802490234,0,14,43.2,0,0,0,548.64
1747794789,1,103.94322967529,30.555480957031,0,14,43.2,0,0,0,548.64
1747794808,1,103.94245910645,30.557016372681,0,14,25.2,0,0,0,548.64
1747794822,1,103.94219207764,30.557647705078,0,14,18,0,0,0,548.64
1747794837,1,103.9421005249,30.558460235596,0,14,18,0,0,0,548.64
1747794848,1,103.94219970703,30.558986663818,0,14,21.6,0,0,0,548.64
1747794862,1,103.94261169434,30.559915542603,0,14,28.8,0,0,0,548.64
1747794875,1,103.94317626953,30.561124801636,0,14,39.6,0,0,0,548.64
1747794890,1,103.94388580322,30.562673568726,0,14,43.2,0,0,0,548.64
1747794905,1,103.94458770752,30.5641746521,0,14,43.2,0,0,0,548.64
1747794920,1,103.94536590576,30.565853118896,0,14,46.8,0,0,0,548.64
1747794935,1,103.94610595703,30.567420959473,0,14,36,0,0,0,548.64
1747794949,1,103.94649505615,30.568256378174,0,14,21.6,0,0,0,548.64
1747794962,1,103.94671630859,30.568794250488,0,14,18,0,0,0,548.64
1747794974,1,103.9468536377,30.569387435913,0,14,14.4,0,0,0,548.64
1747794995,1,103.94707489014,30.570167541504,0,14,14.4,0,0,0,548.64
1747795008,1,103.94738006592,30.570831298828,0,14,25.2,0,0,0,548.64
1747795019,1,103.94774627686,30.571634292603,0,14,32.4,0,0,0,548.64
1747795035,1,103.94836425781,30.572925567627,0,14,36,0,0,0,548.64
1747795050,1,103.94889068604,30.574069976807,0,14,36,0,0,0,548.64
1747795075,1,103.94923400879,30.574823379517,0,14,46.8,0,0,0,548.64
1747795141,1,103.94923400879,30.574823379517,0,14,32.4,0,0,0,548.64
1747795185,1,103.94923400879,30.574823379517,0,14,21.6,0,0,0,548.64
1747795203,1,103.95459747314,30.586320877075,0,14,10.8,0,0,0,548.64
1747795256,1,103.95459747314,30.586320877075,0,14,14.4,0,0,0,548.64
1747795273,1,103.95498657227,30.58881187439,0,14,7.2,0,0,0,548.64
1747795295,1,103.95502471924,30.588800430298,0,14,3.6,0,0,0,548.64
1747795300,1,103.95552062988,30.588649749756,0,14,3.6,0,0,0,548.64
